2025-12-06 12:50:24,441 - enhanced_raft_node - INFO - Node leader initialized with term=0, log_length=0
2025-12-06 12:50:24,442 - enhanced_raft_node - INFO - Node follower initialized with term=0, log_length=0
2025-12-06 12:50:24,442 - enhanced_raft_node - INFO - [STATE TRANSITION] Node leader: follower -> leader (term 0)
2025-12-06 12:50:24,442 - enhanced_raft_node - INFO - [LEADER ELECTED] Node leader is now the leader for term 0
2025-12-06 12:50:24,443 - enhanced_raft_node - INFO - [CLIENT REQUEST] Node leader: set key1 (index 1)
2025-12-06 12:50:24,444 - enhanced_raft_node - INFO - [APPLY] Node leader: SET key1=value1 (index 1)
2025-12-06 12:50:24,445 - enhanced_raft_node - INFO - [APPLY] Node follower: SET key1=value1 (index 1)
2025-12-06 12:50:24,445 - enhanced_raft_node - INFO - Node test1 initialized with term=0, log_length=0
2025-12-06 12:50:24,447 - enhanced_raft_node - INFO - Node test1 initialized with term=0, log_length=0
2025-12-06 12:50:24,448 - enhanced_raft_node - INFO - [STATE TRANSITION] Node test1: follower (term 0) -> follower (term 1)
2025-12-06 12:50:24,449 - enhanced_raft_node - INFO - [VOTE GRANTED] Node test1 voted for test2 in term 1
2025-12-06 12:50:24,451 - enhanced_raft_node - INFO - Node test1 restored state: term=1, log_length=0
2025-12-06 12:50:24,451 - enhanced_raft_node - INFO - Node test1 initialized with term=1, log_length=0
2025-12-06 12:50:24,452 - enhanced_raft_node - INFO - [STATE TRANSITION] Node test1: follower (term 1) -> candidate (term 2)
2025-12-06 12:50:24,452 - enhanced_raft_node - INFO - [ELECTION] Node test1 starting election for term 2
2025-12-06 12:50:24,454 - enhanced_raft_node - INFO - Node test1 restored state: term=2, log_length=0
2025-12-06 12:50:24,454 - enhanced_raft_node - INFO - Node test1 initialized with term=2, log_length=0
2025-12-06 12:50:24,455 - enhanced_raft_node - INFO - Node test1 restored state: term=2, log_length=0
2025-12-06 12:50:24,455 - enhanced_raft_node - INFO - Node test1 initialized with term=2, log_length=0
2025-12-06 12:50:24,456 - enhanced_raft_node - INFO - Node node1 initialized with term=0, log_length=0
2025-12-06 12:50:24,456 - enhanced_distributed_node - INFO - Enhanced node node1 initialized with persistence at ./data/node1
2025-12-06 12:50:24,456 - enhanced_distributed_node - INFO - Starting enhanced node node1 on localhost:7001
2025-12-06 12:50:24,461 - enhanced_distributed_node - INFO - Node node1 started successfully
2025-12-06 12:50:24,461 - enhanced_distributed_node - INFO - Restored state: term=0, log_entries=0
2025-12-06 12:50:24,462 - enhanced_raft_node - INFO - Node node2 initialized with term=0, log_length=0
2025-12-06 12:50:24,462 - enhanced_distributed_node - INFO - Enhanced node node2 initialized with persistence at ./data/node2
2025-12-06 12:50:24,462 - enhanced_distributed_node - INFO - Starting enhanced node node2 on localhost:7002
2025-12-06 12:50:24,463 - enhanced_distributed_node - INFO - Node node2 started successfully
2025-12-06 12:50:24,463 - enhanced_distributed_node - INFO - Restored state: term=0, log_entries=0
2025-12-06 12:50:24,464 - enhanced_raft_node - INFO - Node node3 initialized with term=0, log_length=0
2025-12-06 12:50:24,464 - enhanced_distributed_node - INFO - Enhanced node node3 initialized with persistence at ./data/node3
2025-12-06 12:50:24,464 - enhanced_distributed_node - INFO - Starting enhanced node node3 on localhost:7003
2025-12-06 12:50:24,465 - enhanced_distributed_node - INFO - Node node3 started successfully
2025-12-06 12:50:24,465 - enhanced_distributed_node - INFO - Restored state: term=0, log_entries=0
2025-12-06 12:50:24,465 - enhanced_raft_node - INFO - Node node4 initialized with term=0, log_length=0
2025-12-06 12:50:24,466 - enhanced_distributed_node - INFO - Enhanced node node4 initialized with persistence at ./data/node4
2025-12-06 12:50:24,466 - enhanced_distributed_node - INFO - Starting enhanced node node4 on localhost:7004
2025-12-06 12:50:24,467 - enhanced_distributed_node - INFO - Node node4 started successfully
2025-12-06 12:50:24,467 - enhanced_distributed_node - INFO - Restored state: term=0, log_entries=0
2025-12-06 12:50:24,468 - enhanced_raft_node - INFO - Node node5 initialized with term=0, log_length=0
2025-12-06 12:50:24,468 - enhanced_distributed_node - INFO - Enhanced node node5 initialized with persistence at ./data/node5
2025-12-06 12:50:24,468 - enhanced_distributed_node - INFO - Starting enhanced node node5 on localhost:7005
2025-12-06 12:50:24,469 - enhanced_distributed_node - INFO - Node node5 started successfully
2025-12-06 12:50:24,469 - enhanced_distributed_node - INFO - Restored state: term=0, log_entries=0
2025-12-06 12:50:26,176 - enhanced_raft_node - INFO - [STATE TRANSITION] Node node1: follower (term 0) -> candidate (term 1)
2025-12-06 12:50:26,176 - enhanced_raft_node - INFO - [ELECTION] Node node1 starting election for term 1
2025-12-06 12:50:26,176 - enhanced_distributed_node - INFO - Node node1 starting election for term 1 (need 3 votes)
2025-12-06 12:50:26,180 - enhanced_raft_node - INFO - [STATE TRANSITION] Node node2: follower (term 0) -> follower (term 1)
2025-12-06 12:50:26,180 - enhanced_raft_node - INFO - [STATE TRANSITION] Node node4: follower (term 0) -> follower (term 1)
2025-12-06 12:50:26,181 - enhanced_raft_node - INFO - [STATE TRANSITION] Node node5: follower (term 0) -> follower (term 1)
2025-12-06 12:50:26,182 - enhanced_raft_node - INFO - [VOTE GRANTED] Node node4 voted for node1 in term 1
2025-12-06 12:50:26,182 - enhanced_raft_node - INFO - [VOTE GRANTED] Node node2 voted for node1 in term 1
2025-12-06 12:50:26,182 - enhanced_raft_node - INFO - [VOTE GRANTED] Node node5 voted for node1 in term 1
2025-12-06 12:50:26,182 - enhanced_distributed_node - INFO - Node node1 received vote from node4 (2/5)
2025-12-06 12:50:26,183 - enhanced_distributed_node - INFO - Node node1 received vote from node5 (3/5)
2025-12-06 12:50:26,183 - enhanced_distributed_node - INFO - Node node1 received vote from node2 (4/5)
2025-12-06 12:50:26,191 - enhanced_raft_node - INFO - [STATE TRANSITION] Node node3: follower (term 0) -> follower (term 1)
2025-12-06 12:50:26,193 - enhanced_raft_node - INFO - [VOTE GRANTED] Node node3 voted for node1 in term 1
2025-12-06 12:50:26,193 - enhanced_distributed_node - INFO - Node node1 received vote from node3 (5/5)
2025-12-06 12:50:26,193 - enhanced_raft_node - INFO - [STATE TRANSITION] Node node1: candidate -> leader (term 1)
2025-12-06 12:50:26,194 - enhanced_raft_node - INFO - [LEADER ELECTED] Node node1 is now the leader for term 1
2025-12-06 12:50:28,235 - enhanced_raft_node - INFO - [CLIENT REQUEST] Node node1: set key0 (index 1)
2025-12-06 12:50:28,235 - enhanced_raft_node - INFO - [APPLY] Node node1: SET key0=value0 (index 1)
2025-12-06 12:50:28,237 - enhanced_raft_node - INFO - [CLIENT REQUEST] Node node1: set key1 (index 2)
2025-12-06 12:50:28,237 - enhanced_raft_node - INFO - [APPLY] Node node1: SET key1=value1 (index 2)
2025-12-06 12:50:28,238 - enhanced_raft_node - INFO - [CLIENT REQUEST] Node node1: set key2 (index 3)
2025-12-06 12:50:28,238 - enhanced_raft_node - INFO - [APPLY] Node node1: SET key2=value2 (index 3)
2025-12-06 12:50:28,239 - enhanced_raft_node - INFO - [CLIENT REQUEST] Node node1: set key3 (index 4)
2025-12-06 12:50:28,239 - enhanced_raft_node - INFO - [APPLY] Node node1: SET key3=value3 (index 4)
2025-12-06 12:50:28,241 - enhanced_raft_node - INFO - [CLIENT REQUEST] Node node1: set key4 (index 5)
2025-12-06 12:50:28,241 - enhanced_raft_node - INFO - [APPLY] Node node1: SET key4=value4 (index 5)
2025-12-06 12:50:28,242 - enhanced_raft_node - INFO - [CLIENT REQUEST] Node node1: set key5 (index 6)
2025-12-06 12:50:28,242 - enhanced_raft_node - INFO - [APPLY] Node node1: SET key5=value5 (index 6)
2025-12-06 12:50:28,243 - enhanced_raft_node - INFO - [CLIENT REQUEST] Node node1: set key6 (index 7)
2025-12-06 12:50:28,243 - enhanced_raft_node - INFO - [APPLY] Node node1: SET key6=value6 (index 7)
2025-12-06 12:50:28,245 - enhanced_raft_node - INFO - [CLIENT REQUEST] Node node1: set key7 (index 8)
2025-12-06 12:50:28,245 - enhanced_raft_node - INFO - [APPLY] Node node1: SET key7=value7 (index 8)
2025-12-06 12:50:28,246 - enhanced_raft_node - INFO - [CLIENT REQUEST] Node node1: set key8 (index 9)
2025-12-06 12:50:28,246 - enhanced_raft_node - INFO - [APPLY] Node node1: SET key8=value8 (index 9)
2025-12-06 12:50:28,248 - enhanced_raft_node - INFO - [CLIENT REQUEST] Node node1: set key9 (index 10)
2025-12-06 12:50:28,248 - enhanced_raft_node - INFO - [APPLY] Node node1: SET key9=value9 (index 10)
2025-12-06 12:50:28,327 - enhanced_raft_node - INFO - [APPLY] Node node5: SET key0=value0 (index 1)
2025-12-06 12:50:28,327 - enhanced_raft_node - INFO - [APPLY] Node node5: SET key1=value1 (index 2)
2025-12-06 12:50:28,327 - enhanced_raft_node - INFO - [APPLY] Node node4: SET key0=value0 (index 1)
2025-12-06 12:50:28,327 - enhanced_raft_node - INFO - [APPLY] Node node5: SET key2=value2 (index 3)
2025-12-06 12:50:28,328 - enhanced_raft_node - INFO - [APPLY] Node node4: SET key1=value1 (index 2)
2025-12-06 12:50:28,328 - enhanced_raft_node - INFO - [APPLY] Node node5: SET key3=value3 (index 4)
2025-12-06 12:50:28,328 - enhanced_raft_node - INFO - [APPLY] Node node4: SET key2=value2 (index 3)
2025-12-06 12:50:28,328 - enhanced_raft_node - INFO - [APPLY] Node node5: SET key4=value4 (index 5)
2025-12-06 12:50:28,328 - enhanced_raft_node - INFO - [APPLY] Node node4: SET key3=value3 (index 4)
2025-12-06 12:50:28,328 - enhanced_raft_node - INFO - [APPLY] Node node5: SET key5=value5 (index 6)
2025-12-06 12:50:28,328 - enhanced_raft_node - INFO - [APPLY] Node node4: SET key4=value4 (index 5)
2025-12-06 12:50:28,328 - enhanced_raft_node - INFO - [APPLY] Node node5: SET key6=value6 (index 7)
2025-12-06 12:50:28,328 - enhanced_raft_node - INFO - [APPLY] Node node4: SET key5=value5 (index 6)
2025-12-06 12:50:28,329 - enhanced_raft_node - INFO - [APPLY] Node node5: SET key7=value7 (index 8)
2025-12-06 12:50:28,329 - enhanced_raft_node - INFO - [APPLY] Node node4: SET key6=value6 (index 7)
2025-12-06 12:50:28,329 - enhanced_raft_node - INFO - [APPLY] Node node5: SET key8=value8 (index 9)
2025-12-06 12:50:28,329 - enhanced_raft_node - INFO - [APPLY] Node node4: SET key7=value7 (index 8)
2025-12-06 12:50:28,329 - enhanced_raft_node - INFO - [APPLY] Node node5: SET key9=value9 (index 10)
2025-12-06 12:50:28,329 - enhanced_raft_node - INFO - [APPLY] Node node4: SET key8=value8 (index 9)
2025-12-06 12:50:28,329 - enhanced_raft_node - INFO - [APPLY] Node node4: SET key9=value9 (index 10)
2025-12-06 12:50:28,341 - enhanced_raft_node - INFO - [APPLY] Node node3: SET key0=value0 (index 1)
2025-12-06 12:50:28,341 - enhanced_raft_node - INFO - [APPLY] Node node2: SET key0=value0 (index 1)
2025-12-06 12:50:28,341 - enhanced_raft_node - INFO - [APPLY] Node node3: SET key1=value1 (index 2)
2025-12-06 12:50:28,341 - enhanced_raft_node - INFO - [APPLY] Node node2: SET key1=value1 (index 2)
2025-12-06 12:50:28,341 - enhanced_raft_node - INFO - [APPLY] Node node3: SET key2=value2 (index 3)
2025-12-06 12:50:28,342 - enhanced_raft_node - INFO - [APPLY] Node node2: SET key2=value2 (index 3)
2025-12-06 12:50:28,342 - enhanced_raft_node - INFO - [APPLY] Node node3: SET key3=value3 (index 4)
2025-12-06 12:50:28,342 - enhanced_raft_node - INFO - [APPLY] Node node2: SET key3=value3 (index 4)
2025-12-06 12:50:28,342 - enhanced_raft_node - INFO - [APPLY] Node node3: SET key4=value4 (index 5)
2025-12-06 12:50:28,342 - enhanced_raft_node - INFO - [APPLY] Node node2: SET key4=value4 (index 5)
2025-12-06 12:50:28,342 - enhanced_raft_node - INFO - [APPLY] Node node3: SET key5=value5 (index 6)
2025-12-06 12:50:28,342 - enhanced_raft_node - INFO - [APPLY] Node node2: SET key5=value5 (index 6)
2025-12-06 12:50:28,342 - enhanced_raft_node - INFO - [APPLY] Node node3: SET key6=value6 (index 7)
2025-12-06 12:50:28,343 - enhanced_raft_node - INFO - [APPLY] Node node2: SET key6=value6 (index 7)
2025-12-06 12:50:28,343 - enhanced_raft_node - INFO - [APPLY] Node node3: SET key7=value7 (index 8)
2025-12-06 12:50:28,343 - enhanced_raft_node - INFO - [APPLY] Node node2: SET key7=value7 (index 8)
2025-12-06 12:50:28,343 - enhanced_raft_node - INFO - [APPLY] Node node3: SET key8=value8 (index 9)
2025-12-06 12:50:28,343 - enhanced_raft_node - INFO - [APPLY] Node node2: SET key8=value8 (index 9)
2025-12-06 12:50:28,343 - enhanced_raft_node - INFO - [APPLY] Node node3: SET key9=value9 (index 10)
2025-12-06 12:50:28,343 - enhanced_raft_node - INFO - [APPLY] Node node2: SET key9=value9 (index 10)
2025-12-06 12:50:29,261 - enhanced_distributed_node - INFO - Stopping node node1
2025-12-06 12:50:29,261 - enhanced_distributed_node - INFO - Node node1 stopped
2025-12-06 12:50:30,274 - enhanced_distributed_node - INFO - Stopping node node2
2025-12-06 12:50:30,275 - enhanced_distributed_node - INFO - Node node2 stopped
2025-12-06 12:50:31,287 - enhanced_distributed_node - INFO - Stopping node node3
2025-12-06 12:50:31,288 - enhanced_distributed_node - INFO - Node node3 stopped
2025-12-06 12:50:31,288 - enhanced_distributed_node - INFO - Stopping node node4
2025-12-06 12:50:31,288 - enhanced_distributed_node - INFO - Node node4 stopped
2025-12-06 12:50:31,289 - enhanced_distributed_node - INFO - Stopping node node5
2025-12-06 12:50:31,289 - enhanced_distributed_node - INFO - Node node5 stopped
2025-12-06 12:50:33,305 - enhanced_raft_node - INFO - Node node1 restored state: term=1, log_length=10
2025-12-06 12:50:33,306 - enhanced_raft_node - INFO - Node node1 initialized with term=1, log_length=10
2025-12-06 12:50:33,306 - enhanced_distributed_node - INFO - Enhanced node node1 initialized with persistence at ./data/node1
2025-12-06 12:50:33,306 - enhanced_distributed_node - INFO - Starting enhanced node node1 on localhost:7001
2025-12-06 12:50:33,308 - enhanced_distributed_node - INFO - Node node1 started successfully
2025-12-06 12:50:33,308 - enhanced_distributed_node - INFO - Restored state: term=1, log_entries=10
2025-12-06 12:50:33,309 - enhanced_raft_node - INFO - Node node2 restored state: term=1, log_length=10
2025-12-06 12:50:33,309 - enhanced_raft_node - INFO - Node node2 initialized with term=1, log_length=10
2025-12-06 12:50:33,309 - enhanced_distributed_node - INFO - Enhanced node node2 initialized with persistence at ./data/node2
2025-12-06 12:50:33,309 - enhanced_distributed_node - INFO - Starting enhanced node node2 on localhost:7002
2025-12-06 12:50:33,311 - enhanced_distributed_node - INFO - Node node2 started successfully
2025-12-06 12:50:33,311 - enhanced_distributed_node - INFO - Restored state: term=1, log_entries=10
2025-12-06 12:50:33,313 - enhanced_raft_node - INFO - Node node3 restored state: term=1, log_length=10
2025-12-06 12:50:33,313 - enhanced_raft_node - INFO - Node node3 initialized with term=1, log_length=10
2025-12-06 12:50:33,313 - enhanced_distributed_node - INFO - Enhanced node node3 initialized with persistence at ./data/node3
2025-12-06 12:50:33,313 - enhanced_distributed_node - INFO - Starting enhanced node node3 on localhost:7003
2025-12-06 12:50:33,314 - enhanced_distributed_node - INFO - Node node3 started successfully
2025-12-06 12:50:33,314 - enhanced_distributed_node - INFO - Restored state: term=1, log_entries=10
2025-12-06 12:50:33,315 - enhanced_raft_node - INFO - Node node4 restored state: term=1, log_length=10
2025-12-06 12:50:33,316 - enhanced_raft_node - INFO - Node node4 initialized with term=1, log_length=10
2025-12-06 12:50:33,316 - enhanced_distributed_node - INFO - Enhanced node node4 initialized with persistence at ./data/node4
2025-12-06 12:50:33,316 - enhanced_distributed_node - INFO - Starting enhanced node node4 on localhost:7004
2025-12-06 12:50:33,317 - enhanced_distributed_node - INFO - Node node4 started successfully
2025-12-06 12:50:33,317 - enhanced_distributed_node - INFO - Restored state: term=1, log_entries=10
2025-12-06 12:50:33,319 - enhanced_raft_node - INFO - Node node5 restored state: term=1, log_length=10
2025-12-06 12:50:33,319 - enhanced_raft_node - INFO - Node node5 initialized with term=1, log_length=10
2025-12-06 12:50:33,319 - enhanced_distributed_node - INFO - Enhanced node node5 initialized with persistence at ./data/node5
2025-12-06 12:50:33,319 - enhanced_distributed_node - INFO - Starting enhanced node node5 on localhost:7005
2025-12-06 12:50:33,321 - enhanced_distributed_node - INFO - Node node5 started successfully
2025-12-06 12:50:33,321 - enhanced_distributed_node - INFO - Restored state: term=1, log_entries=10
2025-12-06 12:50:35,148 - enhanced_raft_node - INFO - [STATE TRANSITION] Node node4: follower (term 1) -> candidate (term 2)
2025-12-06 12:50:35,148 - enhanced_raft_node - INFO - [ELECTION] Node node4 starting election for term 2
2025-12-06 12:50:35,148 - enhanced_distributed_node - INFO - Node node4 starting election for term 2 (need 3 votes)
2025-12-06 12:50:35,151 - enhanced_raft_node - INFO - [STATE TRANSITION] Node node2: follower (term 1) -> follower (term 2)
2025-12-06 12:50:35,152 - enhanced_raft_node - INFO - [STATE TRANSITION] Node node3: follower (term 1) -> follower (term 2)
2025-12-06 12:50:35,152 - enhanced_raft_node - INFO - [STATE TRANSITION] Node node5: follower (term 1) -> follower (term 2)
2025-12-06 12:50:35,153 - enhanced_raft_node - INFO - [VOTE GRANTED] Node node2 voted for node4 in term 2
2025-12-06 12:50:35,153 - enhanced_distributed_node - INFO - Node node4 received vote from node2 (2/5)
2025-12-06 12:50:35,154 - enhanced_raft_node - INFO - [VOTE GRANTED] Node node3 voted for node4 in term 2
2025-12-06 12:50:35,154 - enhanced_raft_node - INFO - [VOTE GRANTED] Node node5 voted for node4 in term 2
2025-12-06 12:50:35,154 - enhanced_distributed_node - INFO - Node node4 received vote from node3 (3/5)
2025-12-06 12:50:35,154 - enhanced_distributed_node - INFO - Node node4 received vote from node5 (4/5)
2025-12-06 12:50:35,165 - enhanced_raft_node - INFO - [STATE TRANSITION] Node node1: follower (term 1) -> follower (term 2)
2025-12-06 12:50:35,166 - enhanced_raft_node - INFO - [VOTE GRANTED] Node node1 voted for node4 in term 2
2025-12-06 12:50:35,166 - enhanced_distributed_node - INFO - Node node4 received vote from node1 (5/5)
2025-12-06 12:50:35,166 - enhanced_raft_node - INFO - [STATE TRANSITION] Node node4: candidate -> leader (term 2)
2025-12-06 12:50:35,167 - enhanced_raft_node - INFO - [LEADER ELECTED] Node node4 is now the leader for term 2
2025-12-06 12:50:35,335 - enhanced_distributed_node - INFO - Stopping node node1
2025-12-06 12:50:35,335 - enhanced_distributed_node - INFO - Node node1 stopped
2025-12-06 12:50:36,896 - enhanced_raft_node - INFO - [STATE TRANSITION] Node node3: follower (term 2) -> candidate (term 3)
2025-12-06 12:50:36,896 - enhanced_raft_node - INFO - [ELECTION] Node node3 starting election for term 3
2025-12-06 12:50:36,896 - enhanced_distributed_node - INFO - Node node3 starting election for term 3 (need 3 votes)
2025-12-06 12:50:36,900 - enhanced_raft_node - INFO - [STATE TRANSITION] Node node2: follower (term 2) -> follower (term 3)
2025-12-06 12:50:36,900 - enhanced_raft_node - INFO - [STATE TRANSITION] Node node5: follower (term 2) -> follower (term 3)
2025-12-06 12:50:36,901 - enhanced_raft_node - INFO - [VOTE GRANTED] Node node2 voted for node3 in term 3
2025-12-06 12:50:36,901 - enhanced_distributed_node - INFO - Node node3 received vote from node2 (2/5)
2025-12-06 12:50:36,902 - enhanced_raft_node - INFO - [VOTE GRANTED] Node node5 voted for node3 in term 3
2025-12-06 12:50:36,902 - enhanced_distributed_node - INFO - Node node3 received vote from node5 (3/5)
2025-12-06 12:50:37,224 - enhanced_raft_node - INFO - [CLIENT REQUEST] Node node4: set recovery_key0 (index 11)
2025-12-06 12:50:37,224 - enhanced_raft_node - INFO - [APPLY] Node node4: SET key0=value0 (index 1)
2025-12-06 12:50:37,224 - enhanced_raft_node - INFO - [APPLY] Node node4: SET key1=value1 (index 2)
2025-12-06 12:50:37,225 - enhanced_raft_node - INFO - [APPLY] Node node4: SET key2=value2 (index 3)
2025-12-06 12:50:37,225 - enhanced_raft_node - INFO - [APPLY] Node node4: SET key3=value3 (index 4)
2025-12-06 12:50:37,226 - enhanced_raft_node - INFO - [APPLY] Node node4: SET key4=value4 (index 5)
2025-12-06 12:50:37,226 - enhanced_raft_node - INFO - [APPLY] Node node4: SET key5=value5 (index 6)
2025-12-06 12:50:37,226 - enhanced_raft_node - INFO - [APPLY] Node node4: SET key6=value6 (index 7)
2025-12-06 12:50:37,226 - enhanced_raft_node - INFO - [APPLY] Node node4: SET key7=value7 (index 8)
2025-12-06 12:50:37,226 - enhanced_raft_node - INFO - [APPLY] Node node4: SET key8=value8 (index 9)
2025-12-06 12:50:37,226 - enhanced_raft_node - INFO - [APPLY] Node node4: SET key9=value9 (index 10)
2025-12-06 12:50:37,226 - enhanced_raft_node - INFO - [APPLY] Node node4: SET recovery_key0=recovery_value0 (index 11)
2025-12-06 12:50:37,228 - enhanced_raft_node - INFO - [CLIENT REQUEST] Node node4: set recovery_key1 (index 12)
2025-12-06 12:50:37,228 - enhanced_raft_node - INFO - [APPLY] Node node4: SET recovery_key1=recovery_value1 (index 12)
2025-12-06 12:50:37,229 - enhanced_raft_node - INFO - [CLIENT REQUEST] Node node4: set recovery_key2 (index 13)
2025-12-06 12:50:37,229 - enhanced_raft_node - INFO - [APPLY] Node node4: SET recovery_key2=recovery_value2 (index 13)
2025-12-06 12:50:37,230 - enhanced_raft_node - INFO - [CLIENT REQUEST] Node node4: set recovery_key3 (index 14)
2025-12-06 12:50:37,230 - enhanced_raft_node - INFO - [APPLY] Node node4: SET recovery_key3=recovery_value3 (index 14)
2025-12-06 12:50:37,232 - enhanced_raft_node - INFO - [CLIENT REQUEST] Node node4: set recovery_key4 (index 15)
2025-12-06 12:50:37,232 - enhanced_raft_node - INFO - [APPLY] Node node4: SET recovery_key4=recovery_value4 (index 15)
2025-12-06 12:50:37,233 - enhanced_raft_node - INFO - [STATE TRANSITION] Node node4: leader (term 2) -> follower (term 3)
2025-12-06 12:50:37,236 - enhanced_raft_node - INFO - [STATE TRANSITION] Node node4: follower (term 3) -> follower (term 3)
2025-12-06 12:50:37,238 - enhanced_raft_node - INFO - [STATE TRANSITION] Node node4: follower (term 3) -> follower (term 3)
2025-12-06 12:50:37,240 - enhanced_raft_node - INFO - [STATE TRANSITION] Node node4: follower (term 3) -> follower (term 3)
2025-12-06 12:50:37,747 - enhanced_raft_node - INFO - Node node1 restored state: term=2, log_length=10
2025-12-06 12:50:37,747 - enhanced_raft_node - INFO - Node node1 initialized with term=2, log_length=10
2025-12-06 12:50:37,747 - enhanced_distributed_node - INFO - Enhanced node node1 initialized with persistence at ./data/node1
2025-12-06 12:50:37,748 - enhanced_distributed_node - INFO - Starting enhanced node node1 on localhost:7001
2025-12-06 12:50:37,750 - enhanced_distributed_node - INFO - Node node1 started successfully
2025-12-06 12:50:37,751 - enhanced_distributed_node - INFO - Restored state: term=2, log_entries=10
2025-12-06 12:50:37,909 - enhanced_raft_node - INFO - [STATE TRANSITION] Node node3: candidate -> leader (term 3)
2025-12-06 12:50:37,909 - enhanced_raft_node - INFO - [LEADER ELECTED] Node node3 is now the leader for term 3
2025-12-06 12:50:37,926 - enhanced_raft_node - INFO - [STATE TRANSITION] Node node1: follower (term 2) -> follower (term 3)
2025-12-06 12:50:37,927 - enhanced_raft_node - INFO - [VOTE GRANTED] Node node1 voted for node3 in term 3
2025-12-06 12:50:37,928 - enhanced_distributed_node - INFO - Node node3 received vote from node1 (4/5)
2025-12-06 12:50:38,254 - enhanced_raft_node - INFO - [STATE TRANSITION] Node node4: follower (term 3) -> follower (term 3)
2025-12-06 12:50:38,256 - enhanced_raft_node - INFO - [STATE TRANSITION] Node node4: follower (term 3) -> follower (term 3)
2025-12-06 12:50:39,543 - enhanced_raft_node - INFO - [STATE TRANSITION] Node node2: follower (term 3) -> candidate (term 4)
2025-12-06 12:50:39,544 - enhanced_raft_node - INFO - [ELECTION] Node node2 starting election for term 4
2025-12-06 12:50:39,544 - enhanced_distributed_node - INFO - Node node2 starting election for term 4 (need 3 votes)
2025-12-06 12:50:39,547 - enhanced_raft_node - INFO - [STATE TRANSITION] Node node1: follower (term 3) -> follower (term 4)
2025-12-06 12:50:39,548 - enhanced_raft_node - INFO - [STATE TRANSITION] Node node4: follower (term 3) -> follower (term 4)
2025-12-06 12:50:39,548 - enhanced_raft_node - INFO - [STATE TRANSITION] Node node5: follower (term 3) -> follower (term 4)
2025-12-06 12:50:39,549 - enhanced_raft_node - INFO - [VOTE GRANTED] Node node1 voted for node2 in term 4
2025-12-06 12:50:39,549 - enhanced_distributed_node - INFO - Node node2 received vote from node1 (2/5)
2025-12-06 12:50:39,550 - enhanced_raft_node - INFO - [VOTE GRANTED] Node node5 voted for node2 in term 4
2025-12-06 12:50:39,550 - enhanced_distributed_node - INFO - Node node2 received vote from node5 (3/5)
2025-12-06 12:50:39,761 - enhanced_distributed_node - INFO - Stopping node node2
2025-12-06 12:50:39,952 - enhanced_raft_node - INFO - [STATE TRANSITION] Node node3: leader (term 3) -> follower (term 4)
2025-12-06 12:50:39,953 - enhanced_raft_node - INFO - [VOTE GRANTED] Node node3 voted for node2 in term 4
2025-12-06 12:50:39,954 - enhanced_distributed_node - INFO - Node node2 received vote from node3 (4/5)
2025-12-06 12:50:39,954 - enhanced_raft_node - INFO - [STATE TRANSITION] Node node2: candidate -> leader (term 4)
2025-12-06 12:50:39,954 - enhanced_raft_node - INFO - [LEADER ELECTED] Node node2 is now the leader for term 4
2025-12-06 12:50:39,955 - enhanced_raft_node - INFO - [STATE TRANSITION] Node node3: follower (term 4) -> follower (term 4)
2025-12-06 12:50:39,957 - enhanced_raft_node - INFO - [STATE TRANSITION] Node node3: follower (term 4) -> follower (term 4)
2025-12-06 12:50:39,958 - enhanced_raft_node - INFO - [STATE TRANSITION] Node node3: follower (term 4) -> follower (term 4)
2025-12-06 12:50:39,960 - enhanced_raft_node - INFO - [STATE TRANSITION] Node node3: follower (term 4) -> follower (term 4)
2025-12-06 12:50:39,961 - enhanced_raft_node - INFO - [STATE TRANSITION] Node node3: follower (term 4) -> follower (term 4)
2025-12-06 12:50:39,962 - enhanced_raft_node - INFO - [STATE TRANSITION] Node node3: follower (term 4) -> follower (term 4)
2025-12-06 12:50:41,884 - enhanced_raft_node - INFO - [STATE TRANSITION] Node node3: follower (term 4) -> candidate (term 5)
2025-12-06 12:50:41,884 - enhanced_raft_node - INFO - [ELECTION] Node node3 starting election for term 5
2025-12-06 12:50:41,884 - enhanced_distributed_node - INFO - Node node3 starting election for term 5 (need 3 votes)
2025-12-06 12:50:41,887 - enhanced_raft_node - INFO - [STATE TRANSITION] Node node1: follower (term 4) -> follower (term 5)
2025-12-06 12:50:41,888 - enhanced_raft_node - INFO - [STATE TRANSITION] Node node4: follower (term 4) -> follower (term 5)
2025-12-06 12:50:41,889 - enhanced_raft_node - INFO - [STATE TRANSITION] Node node5: follower (term 4) -> follower (term 5)
2025-12-06 12:50:41,889 - enhanced_raft_node - INFO - [VOTE GRANTED] Node node1 voted for node3 in term 5
2025-12-06 12:50:41,890 - enhanced_distributed_node - INFO - Node node3 received vote from node1 (2/5)
2025-12-06 12:50:41,891 - enhanced_raft_node - INFO - [VOTE GRANTED] Node node5 voted for node3 in term 5
2025-12-06 12:50:41,891 - enhanced_distributed_node - INFO - Node node3 received vote from node5 (3/5)
2025-12-06 12:50:41,991 - enhanced_distributed_node - INFO - Node node2 stopped
2025-12-06 12:50:41,992 - enhanced_distributed_node - INFO - Stopping node node3
2025-12-06 12:50:41,993 - enhanced_raft_node - INFO - [STATE TRANSITION] Node node2: leader (term 4) -> follower (term 5)
2025-12-06 12:50:41,995 - enhanced_raft_node - INFO - [VOTE GRANTED] Node node2 voted for node3 in term 5
2025-12-06 12:50:41,995 - enhanced_distributed_node - INFO - Node node3 received vote from node2 (4/5)
2025-12-06 12:50:41,995 - enhanced_raft_node - INFO - [STATE TRANSITION] Node node3: candidate -> leader (term 5)
2025-12-06 12:50:41,996 - enhanced_raft_node - INFO - [LEADER ELECTED] Node node3 is now the leader for term 5
2025-12-06 12:50:41,996 - enhanced_raft_node - INFO - [STATE TRANSITION] Node node2: follower (term 5) -> follower (term 5)
2025-12-06 12:50:41,998 - enhanced_raft_node - INFO - [STATE TRANSITION] Node node2: follower (term 5) -> follower (term 5)
2025-12-06 12:50:42,008 - enhanced_raft_node - INFO - [STATE TRANSITION] Node node2: follower (term 5) -> follower (term 5)
2025-12-06 12:50:43,532 - enhanced_raft_node - INFO - [STATE TRANSITION] Node node5: follower (term 5) -> candidate (term 6)
2025-12-06 12:50:43,532 - enhanced_raft_node - INFO - [ELECTION] Node node5 starting election for term 6
2025-12-06 12:50:43,532 - enhanced_distributed_node - INFO - Node node5 starting election for term 6 (need 3 votes)
2025-12-06 12:50:43,536 - enhanced_raft_node - INFO - [STATE TRANSITION] Node node4: follower (term 5) -> follower (term 6)
2025-12-06 12:50:43,547 - enhanced_raft_node - INFO - [STATE TRANSITION] Node node1: follower (term 5) -> follower (term 6)
2025-12-06 12:50:43,549 - enhanced_raft_node - INFO - [VOTE GRANTED] Node node1 voted for node5 in term 6
2025-12-06 12:50:43,551 - enhanced_distributed_node - INFO - Node node5 received vote from node1 (2/5)
2025-12-06 12:50:44,044 - enhanced_distributed_node - INFO - Node node3 stopped
2025-12-06 12:50:44,044 - enhanced_distributed_node - INFO - Stopping node node4
2025-12-06 12:50:44,045 - enhanced_distributed_node - INFO - Node node4 stopped
2025-12-06 12:50:44,045 - enhanced_distributed_node - INFO - Stopping node node5
2025-12-06 12:50:44,047 - enhanced_raft_node - INFO - [STATE TRANSITION] Node node3: leader (term 5) -> follower (term 6)
2025-12-06 12:50:44,048 - enhanced_raft_node - INFO - [VOTE GRANTED] Node node3 voted for node5 in term 6
2025-12-06 12:50:44,049 - enhanced_distributed_node - INFO - Node node5 received vote from node3 (3/5)
2025-12-06 12:50:44,050 - enhanced_raft_node - INFO - [STATE TRANSITION] Node node3: follower (term 6) -> follower (term 6)
2025-12-06 12:50:44,052 - enhanced_raft_node - INFO - [STATE TRANSITION] Node node3: follower (term 6) -> follower (term 6)
2025-12-06 12:50:44,555 - enhanced_raft_node - INFO - [STATE TRANSITION] Node node5: candidate -> leader (term 6)
2025-12-06 12:50:44,555 - enhanced_raft_node - INFO - [LEADER ELECTED] Node node5 is now the leader for term 6
2025-12-06 12:50:45,711 - enhanced_raft_node - INFO - [STATE TRANSITION] Node node1: follower (term 6) -> candidate (term 7)
2025-12-06 12:50:45,711 - enhanced_raft_node - INFO - [ELECTION] Node node1 starting election for term 7
2025-12-06 12:50:45,711 - enhanced_distributed_node - INFO - Node node1 starting election for term 7 (need 3 votes)
2025-12-06 12:50:46,596 - enhanced_distributed_node - INFO - Node node5 stopped
2025-12-06 12:50:46,597 - enhanced_distributed_node - INFO - Stopping node node1
2025-12-06 12:50:46,598 - enhanced_raft_node - INFO - [STATE TRANSITION] Node node5: leader (term 6) -> follower (term 7)
2025-12-06 12:50:46,600 - enhanced_raft_node - INFO - [VOTE GRANTED] Node node5 voted for node1 in term 7
2025-12-06 12:50:46,600 - enhanced_distributed_node - INFO - Node node1 received vote from node5 (2/5)
2025-12-06 12:50:47,721 - enhanced_distributed_node - INFO - Node node1 stopped
2025-12-06 12:50:47,723 - enhanced_raft_node - INFO - [STATE TRANSITION] Node node5: follower (term 7) -> follower (term 7)
2025-12-06 12:50:47,725 - enhanced_raft_node - INFO - Node node1 initialized with term=0, log_length=0
2025-12-06 12:50:47,725 - enhanced_distributed_node - INFO - Enhanced node node1 initialized with persistence at ./data/node1
2025-12-06 12:50:47,725 - enhanced_distributed_node - INFO - Starting enhanced node node1 on localhost:8001
2025-12-06 12:50:47,726 - enhanced_distributed_node - INFO - Node node1 started successfully
2025-12-06 12:50:47,726 - enhanced_distributed_node - INFO - Restored state: term=0, log_entries=0
2025-12-06 12:50:47,727 - enhanced_raft_node - INFO - Node node2 initialized with term=0, log_length=0
2025-12-06 12:50:47,727 - enhanced_distributed_node - INFO - Enhanced node node2 initialized with persistence at ./data/node2
2025-12-06 12:50:47,727 - enhanced_distributed_node - INFO - Starting enhanced node node2 on localhost:8002
2025-12-06 12:50:47,728 - enhanced_distributed_node - INFO - Node node2 started successfully
2025-12-06 12:50:47,728 - enhanced_distributed_node - INFO - Restored state: term=0, log_entries=0
2025-12-06 12:50:47,729 - enhanced_raft_node - INFO - Node node3 initialized with term=0, log_length=0
2025-12-06 12:50:47,729 - enhanced_distributed_node - INFO - Enhanced node node3 initialized with persistence at ./data/node3
2025-12-06 12:50:47,729 - enhanced_distributed_node - INFO - Starting enhanced node node3 on localhost:8003
2025-12-06 12:50:47,730 - enhanced_distributed_node - INFO - Node node3 started successfully
2025-12-06 12:50:47,730 - enhanced_distributed_node - INFO - Restored state: term=0, log_entries=0
2025-12-06 12:50:49,249 - enhanced_raft_node - INFO - [STATE TRANSITION] Node node2: follower (term 0) -> candidate (term 1)
2025-12-06 12:50:49,249 - enhanced_raft_node - INFO - [ELECTION] Node node2 starting election for term 1
2025-12-06 12:50:49,250 - enhanced_distributed_node - INFO - Node node2 starting election for term 1 (need 2 votes)
2025-12-06 12:50:49,253 - enhanced_raft_node - INFO - [STATE TRANSITION] Node node1: follower (term 0) -> follower (term 1)
2025-12-06 12:50:49,253 - enhanced_raft_node - INFO - [STATE TRANSITION] Node node3: follower (term 0) -> follower (term 1)
2025-12-06 12:50:49,254 - enhanced_raft_node - INFO - [VOTE GRANTED] Node node1 voted for node2 in term 1
2025-12-06 12:50:49,254 - enhanced_raft_node - INFO - [VOTE GRANTED] Node node3 voted for node2 in term 1
2025-12-06 12:50:49,255 - enhanced_distributed_node - INFO - Node node2 received vote from node3 (2/3)
2025-12-06 12:50:49,255 - enhanced_distributed_node - INFO - Node node2 received vote from node1 (3/3)
2025-12-06 12:50:49,255 - enhanced_raft_node - INFO - [STATE TRANSITION] Node node2: candidate -> leader (term 1)
2025-12-06 12:50:49,255 - enhanced_raft_node - INFO - [LEADER ELECTED] Node node2 is now the leader for term 1
2025-12-06 12:50:52,736 - enhanced_raft_node - INFO - [CLIENT REQUEST] Node node2: set w0_k0 (index 1)
2025-12-06 12:50:52,736 - enhanced_raft_node - INFO - [APPLY] Node node2: SET w0_k0=data_787 (index 1)
2025-12-06 12:50:52,737 - enhanced_raft_node - INFO - [CLIENT REQUEST] Node node2: set w1_k0 (index 2)
2025-12-06 12:50:52,737 - enhanced_raft_node - INFO - [APPLY] Node node2: SET w1_k0=data_719 (index 2)
2025-12-06 12:50:52,739 - enhanced_raft_node - INFO - [CLIENT REQUEST] Node node2: set w2_k0 (index 3)
2025-12-06 12:50:52,739 - enhanced_raft_node - INFO - [APPLY] Node node2: SET w2_k0=data_908 (index 3)
2025-12-06 12:50:52,740 - enhanced_raft_node - INFO - [CLIENT REQUEST] Node node2: set w3_k0 (index 4)
2025-12-06 12:50:52,740 - enhanced_raft_node - INFO - [APPLY] Node node2: SET w3_k0=data_76 (index 4)
2025-12-06 12:50:52,742 - enhanced_raft_node - INFO - [CLIENT REQUEST] Node node2: set w3_k1 (index 5)
2025-12-06 12:50:52,742 - enhanced_raft_node - INFO - [APPLY] Node node2: SET w3_k1=data_128 (index 5)
2025-12-06 12:50:52,743 - enhanced_raft_node - INFO - [CLIENT REQUEST] Node node2: set w5_k0 (index 6)
2025-12-06 12:50:52,743 - enhanced_raft_node - INFO - [APPLY] Node node2: SET w5_k0=data_523 (index 6)
2025-12-06 12:50:52,745 - enhanced_raft_node - INFO - [CLIENT REQUEST] Node node2: set w6_k0 (index 7)
2025-12-06 12:50:52,745 - enhanced_raft_node - INFO - [APPLY] Node node2: SET w6_k0=data_443 (index 7)
2025-12-06 12:50:52,746 - enhanced_raft_node - INFO - [CLIENT REQUEST] Node node2: set w6_k1 (index 8)
2025-12-06 12:50:52,746 - enhanced_raft_node - INFO - [APPLY] Node node2: SET w6_k1=data_521 (index 8)
2025-12-06 12:50:52,747 - enhanced_raft_node - INFO - [CLIENT REQUEST] Node node2: set w8_k0 (index 9)
2025-12-06 12:50:52,748 - enhanced_raft_node - INFO - [APPLY] Node node2: SET w8_k0=data_689 (index 9)
2025-12-06 12:50:52,749 - enhanced_raft_node - INFO - [CLIENT REQUEST] Node node2: set w8_k1 (index 10)
2025-12-06 12:50:52,749 - enhanced_raft_node - INFO - [APPLY] Node node2: SET w8_k1=data_861 (index 10)
2025-12-06 12:50:52,751 - enhanced_raft_node - INFO - [CLIENT REQUEST] Node node2: set w0_k1 (index 11)
2025-12-06 12:50:52,751 - enhanced_raft_node - INFO - [APPLY] Node node2: SET w0_k1=data_328 (index 11)
2025-12-06 12:50:52,752 - enhanced_raft_node - INFO - [CLIENT REQUEST] Node node2: set w1_k1 (index 12)
2025-12-06 12:50:52,752 - enhanced_raft_node - INFO - [APPLY] Node node2: SET w1_k1=data_603 (index 12)
2025-12-06 12:50:52,754 - enhanced_raft_node - INFO - [CLIENT REQUEST] Node node2: set w2_k1 (index 13)
2025-12-06 12:50:52,754 - enhanced_raft_node - INFO - [APPLY] Node node2: SET w2_k1=data_410 (index 13)
2025-12-06 12:50:52,756 - enhanced_raft_node - INFO - [CLIENT REQUEST] Node node2: set w4_k0 (index 14)
2025-12-06 12:50:52,756 - enhanced_raft_node - INFO - [APPLY] Node node2: SET w4_k0=data_926 (index 14)
2025-12-06 12:50:52,757 - enhanced_raft_node - INFO - [CLIENT REQUEST] Node node2: set w3_k2 (index 15)
2025-12-06 12:50:52,757 - enhanced_raft_node - INFO - [APPLY] Node node2: SET w3_k2=data_249 (index 15)
2025-12-06 12:50:52,759 - enhanced_raft_node - INFO - [CLIENT REQUEST] Node node2: set w5_k1 (index 16)
2025-12-06 12:50:52,759 - enhanced_raft_node - INFO - [APPLY] Node node2: SET w5_k1=data_936 (index 16)
2025-12-06 12:50:52,761 - enhanced_raft_node - INFO - [CLIENT REQUEST] Node node2: set w7_k0 (index 17)
2025-12-06 12:50:52,761 - enhanced_raft_node - INFO - [APPLY] Node node2: SET w7_k0=data_707 (index 17)
2025-12-06 12:50:52,762 - enhanced_raft_node - INFO - [CLIENT REQUEST] Node node2: set w6_k2 (index 18)
2025-12-06 12:50:52,762 - enhanced_raft_node - INFO - [APPLY] Node node2: SET w6_k2=data_116 (index 18)
2025-12-06 12:50:52,764 - enhanced_raft_node - INFO - [CLIENT REQUEST] Node node2: set w6_k3 (index 19)
2025-12-06 12:50:52,764 - enhanced_raft_node - INFO - [APPLY] Node node2: SET w6_k3=data_812 (index 19)
2025-12-06 12:50:52,766 - enhanced_raft_node - INFO - [CLIENT REQUEST] Node node2: set w6_k4 (index 20)
2025-12-06 12:50:52,766 - enhanced_raft_node - INFO - [APPLY] Node node2: SET w6_k4=data_593 (index 20)
2025-12-06 12:50:52,768 - enhanced_raft_node - INFO - [CLIENT REQUEST] Node node2: set w8_k2 (index 21)
2025-12-06 12:50:52,768 - enhanced_raft_node - INFO - [APPLY] Node node2: SET w8_k2=data_306 (index 21)
2025-12-06 12:50:52,769 - enhanced_raft_node - INFO - [CLIENT REQUEST] Node node2: set w8_k3 (index 22)
2025-12-06 12:50:52,769 - enhanced_raft_node - INFO - [APPLY] Node node2: SET w8_k3=data_360 (index 22)
2025-12-06 12:50:52,771 - enhanced_raft_node - INFO - [CLIENT REQUEST] Node node2: set w1_k2 (index 23)
2025-12-06 12:50:52,771 - enhanced_raft_node - INFO - [APPLY] Node node2: SET w1_k2=data_796 (index 23)
2025-12-06 12:50:52,773 - enhanced_raft_node - INFO - [CLIENT REQUEST] Node node2: set w1_k3 (index 24)
2025-12-06 12:50:52,773 - enhanced_raft_node - INFO - [APPLY] Node node2: SET w1_k3=data_934 (index 24)
2025-12-06 12:50:52,775 - enhanced_raft_node - INFO - [CLIENT REQUEST] Node node2: set w4_k1 (index 25)
2025-12-06 12:50:52,775 - enhanced_raft_node - INFO - [APPLY] Node node2: SET w4_k1=data_288 (index 25)
2025-12-06 12:50:52,777 - enhanced_raft_node - INFO - [CLIENT REQUEST] Node node2: set w3_k3 (index 26)
2025-12-06 12:50:52,777 - enhanced_raft_node - INFO - [APPLY] Node node2: SET w3_k3=data_549 (index 26)
2025-12-06 12:50:52,779 - enhanced_raft_node - INFO - [CLIENT REQUEST] Node node2: set w5_k2 (index 27)
2025-12-06 12:50:52,779 - enhanced_raft_node - INFO - [APPLY] Node node2: SET w5_k2=data_322 (index 27)
2025-12-06 12:50:52,781 - enhanced_raft_node - INFO - [CLIENT REQUEST] Node node2: set w7_k1 (index 28)
2025-12-06 12:50:52,781 - enhanced_raft_node - INFO - [APPLY] Node node2: SET w7_k1=data_560 (index 28)
2025-12-06 12:50:52,783 - enhanced_raft_node - INFO - [CLIENT REQUEST] Node node2: set w9_k0 (index 29)
2025-12-06 12:50:52,783 - enhanced_raft_node - INFO - [APPLY] Node node2: SET w9_k0=data_723 (index 29)
2025-12-06 12:50:52,785 - enhanced_raft_node - INFO - [CLIENT REQUEST] Node node2: set w6_k5 (index 30)
2025-12-06 12:50:52,785 - enhanced_raft_node - INFO - [APPLY] Node node2: SET w6_k5=data_722 (index 30)
2025-12-06 12:50:52,787 - enhanced_raft_node - INFO - [CLIENT REQUEST] Node node2: set w0_k2 (index 31)
2025-12-06 12:50:52,787 - enhanced_raft_node - INFO - [APPLY] Node node2: SET w0_k2=data_357 (index 31)
2025-12-06 12:50:52,789 - enhanced_raft_node - INFO - [CLIENT REQUEST] Node node2: set w8_k4 (index 32)
2025-12-06 12:50:52,789 - enhanced_raft_node - INFO - [APPLY] Node node2: SET w8_k4=data_637 (index 32)
2025-12-06 12:50:52,791 - enhanced_raft_node - INFO - [CLIENT REQUEST] Node node2: set w2_k2 (index 33)
2025-12-06 12:50:52,791 - enhanced_raft_node - INFO - [APPLY] Node node2: SET w2_k2=data_121 (index 33)
2025-12-06 12:50:52,793 - enhanced_raft_node - INFO - [CLIENT REQUEST] Node node2: set w1_k4 (index 34)
2025-12-06 12:50:52,793 - enhanced_raft_node - INFO - [APPLY] Node node2: SET w1_k4=data_235 (index 34)
2025-12-06 12:50:52,795 - enhanced_raft_node - INFO - [CLIENT REQUEST] Node node2: set w4_k2 (index 35)
2025-12-06 12:50:52,795 - enhanced_raft_node - INFO - [APPLY] Node node2: SET w4_k2=data_233 (index 35)
2025-12-06 12:50:52,798 - enhanced_raft_node - INFO - [CLIENT REQUEST] Node node2: set w4_k3 (index 36)
2025-12-06 12:50:52,798 - enhanced_raft_node - INFO - [APPLY] Node node2: SET w4_k3=data_284 (index 36)
2025-12-06 12:50:52,800 - enhanced_raft_node - INFO - [CLIENT REQUEST] Node node2: set w4_k4 (index 37)
2025-12-06 12:50:52,800 - enhanced_raft_node - INFO - [APPLY] Node node2: SET w4_k4=data_255 (index 37)
2025-12-06 12:50:52,802 - enhanced_raft_node - INFO - [CLIENT REQUEST] Node node2: set w7_k2 (index 38)
2025-12-06 12:50:52,802 - enhanced_raft_node - INFO - [APPLY] Node node2: SET w7_k2=data_872 (index 38)
2025-12-06 12:50:52,804 - enhanced_raft_node - INFO - [CLIENT REQUEST] Node node2: set w7_k3 (index 39)
2025-12-06 12:50:52,804 - enhanced_raft_node - INFO - [APPLY] Node node2: SET w7_k3=data_131 (index 39)
2025-12-06 12:50:52,806 - enhanced_raft_node - INFO - [CLIENT REQUEST] Node node2: set w6_k6 (index 40)
2025-12-06 12:50:52,806 - enhanced_raft_node - INFO - [APPLY] Node node2: SET w6_k6=data_823 (index 40)
2025-12-06 12:50:52,808 - enhanced_raft_node - INFO - [CLIENT REQUEST] Node node2: set w0_k3 (index 41)
2025-12-06 12:50:52,809 - enhanced_raft_node - INFO - [APPLY] Node node2: SET w0_k3=data_738 (index 41)
2025-12-06 12:50:52,811 - enhanced_raft_node - INFO - [CLIENT REQUEST] Node node2: set w0_k4 (index 42)
2025-12-06 12:50:52,811 - enhanced_raft_node - INFO - [APPLY] Node node2: SET w0_k4=data_550 (index 42)
2025-12-06 12:50:52,813 - enhanced_raft_node - INFO - [CLIENT REQUEST] Node node2: set w2_k3 (index 43)
2025-12-06 12:50:52,814 - enhanced_raft_node - INFO - [APPLY] Node node2: SET w2_k3=data_339 (index 43)
2025-12-06 12:50:52,816 - enhanced_raft_node - INFO - [CLIENT REQUEST] Node node2: set w1_k5 (index 44)
2025-12-06 12:50:52,817 - enhanced_raft_node - INFO - [APPLY] Node node2: SET w1_k5=data_846 (index 44)
2025-12-06 12:50:52,819 - enhanced_raft_node - INFO - [CLIENT REQUEST] Node node2: set w1_k6 (index 45)
2025-12-06 12:50:52,819 - enhanced_raft_node - INFO - [APPLY] Node node2: SET w1_k6=data_584 (index 45)
2025-12-06 12:50:52,821 - enhanced_raft_node - INFO - [CLIENT REQUEST] Node node2: set w5_k3 (index 46)
2025-12-06 12:50:52,821 - enhanced_raft_node - INFO - [APPLY] Node node2: SET w5_k3=data_394 (index 46)
2025-12-06 12:50:52,824 - enhanced_raft_node - INFO - [CLIENT REQUEST] Node node2: set w4_k5 (index 47)
2025-12-06 12:50:52,824 - enhanced_raft_node - INFO - [APPLY] Node node2: SET w4_k5=data_41 (index 47)
2025-12-06 12:50:52,826 - enhanced_raft_node - INFO - [CLIENT REQUEST] Node node2: set w9_k1 (index 48)
2025-12-06 12:50:52,826 - enhanced_raft_node - INFO - [APPLY] Node node2: SET w9_k1=data_155 (index 48)
2025-12-06 12:50:52,829 - enhanced_raft_node - INFO - [CLIENT REQUEST] Node node2: set w7_k4 (index 49)
2025-12-06 12:50:52,829 - enhanced_raft_node - INFO - [APPLY] Node node2: SET w7_k4=data_634 (index 49)
2025-12-06 12:50:52,831 - enhanced_raft_node - INFO - [CLIENT REQUEST] Node node2: set w7_k5 (index 50)
2025-12-06 12:50:52,831 - enhanced_raft_node - INFO - [APPLY] Node node2: SET w7_k5=data_841 (index 50)
2025-12-06 12:50:52,834 - enhanced_raft_node - INFO - [CLIENT REQUEST] Node node2: set w8_k5 (index 51)
2025-12-06 12:50:52,834 - enhanced_raft_node - INFO - [APPLY] Node node2: SET w8_k5=data_432 (index 51)
2025-12-06 12:50:52,836 - enhanced_raft_node - INFO - [CLIENT REQUEST] Node node2: set w8_k6 (index 52)
2025-12-06 12:50:52,837 - enhanced_raft_node - INFO - [APPLY] Node node2: SET w8_k6=data_361 (index 52)
2025-12-06 12:50:52,839 - enhanced_raft_node - INFO - [CLIENT REQUEST] Node node2: set w2_k4 (index 53)
2025-12-06 12:50:52,839 - enhanced_raft_node - INFO - [APPLY] Node node2: SET w2_k4=data_936 (index 53)
2025-12-06 12:50:52,842 - enhanced_raft_node - INFO - [CLIENT REQUEST] Node node2: set w3_k4 (index 54)
2025-12-06 12:50:52,842 - enhanced_raft_node - INFO - [APPLY] Node node2: SET w3_k4=data_442 (index 54)
2025-12-06 12:50:52,845 - enhanced_raft_node - INFO - [CLIENT REQUEST] Node node2: set w1_k7 (index 55)
2025-12-06 12:50:52,845 - enhanced_raft_node - INFO - [APPLY] Node node2: SET w1_k7=data_519 (index 55)
2025-12-06 12:50:52,848 - enhanced_raft_node - INFO - [CLIENT REQUEST] Node node2: set w5_k4 (index 56)
2025-12-06 12:50:52,850 - enhanced_raft_node - INFO - [APPLY] Node node2: SET w5_k4=data_245 (index 56)
2025-12-06 12:50:52,853 - enhanced_raft_node - INFO - [APPLY] Node node1: SET w0_k0=data_787 (index 1)
2025-12-06 12:50:52,853 - enhanced_raft_node - INFO - [APPLY] Node node1: SET w1_k0=data_719 (index 2)
2025-12-06 12:50:52,853 - enhanced_raft_node - INFO - [APPLY] Node node1: SET w2_k0=data_908 (index 3)
2025-12-06 12:50:52,853 - enhanced_raft_node - INFO - [APPLY] Node node3: SET w0_k0=data_787 (index 1)
2025-12-06 12:50:52,853 - enhanced_raft_node - INFO - [APPLY] Node node1: SET w3_k0=data_76 (index 4)
2025-12-06 12:50:52,853 - enhanced_raft_node - INFO - [APPLY] Node node3: SET w1_k0=data_719 (index 2)
2025-12-06 12:50:52,854 - enhanced_raft_node - INFO - [APPLY] Node node1: SET w3_k1=data_128 (index 5)
2025-12-06 12:50:52,854 - enhanced_raft_node - INFO - [APPLY] Node node3: SET w2_k0=data_908 (index 3)
2025-12-06 12:50:52,854 - enhanced_raft_node - INFO - [CLIENT REQUEST] Node node2: set w4_k6 (index 57)
2025-12-06 12:50:52,854 - enhanced_raft_node - INFO - [APPLY] Node node1: SET w5_k0=data_523 (index 6)
2025-12-06 12:50:52,854 - enhanced_raft_node - INFO - [APPLY] Node node3: SET w3_k0=data_76 (index 4)
2025-12-06 12:50:52,854 - enhanced_raft_node - INFO - [APPLY] Node node2: SET w4_k6=data_510 (index 57)
2025-12-06 12:50:52,854 - enhanced_raft_node - INFO - [APPLY] Node node1: SET w6_k0=data_443 (index 7)
2025-12-06 12:50:52,854 - enhanced_raft_node - INFO - [APPLY] Node node3: SET w3_k1=data_128 (index 5)
2025-12-06 12:50:52,855 - enhanced_raft_node - INFO - [APPLY] Node node1: SET w6_k1=data_521 (index 8)
2025-12-06 12:50:52,855 - enhanced_raft_node - INFO - [APPLY] Node node3: SET w5_k0=data_523 (index 6)
2025-12-06 12:50:52,856 - enhanced_raft_node - INFO - [APPLY] Node node1: SET w8_k0=data_689 (index 9)
2025-12-06 12:50:52,856 - enhanced_raft_node - INFO - [APPLY] Node node3: SET w6_k0=data_443 (index 7)
2025-12-06 12:50:52,857 - enhanced_raft_node - INFO - [APPLY] Node node1: SET w8_k1=data_861 (index 10)
2025-12-06 12:50:52,857 - enhanced_raft_node - INFO - [APPLY] Node node3: SET w6_k1=data_521 (index 8)
2025-12-06 12:50:52,857 - enhanced_raft_node - INFO - [APPLY] Node node1: SET w0_k1=data_328 (index 11)
2025-12-06 12:50:52,857 - enhanced_raft_node - INFO - [APPLY] Node node3: SET w8_k0=data_689 (index 9)
2025-12-06 12:50:52,857 - enhanced_raft_node - INFO - [APPLY] Node node1: SET w1_k1=data_603 (index 12)
2025-12-06 12:50:52,857 - enhanced_raft_node - INFO - [APPLY] Node node3: SET w8_k1=data_861 (index 10)
2025-12-06 12:50:52,857 - enhanced_raft_node - INFO - [APPLY] Node node1: SET w2_k1=data_410 (index 13)
2025-12-06 12:50:52,857 - enhanced_raft_node - INFO - [APPLY] Node node3: SET w0_k1=data_328 (index 11)
2025-12-06 12:50:52,857 - enhanced_raft_node - INFO - [APPLY] Node node1: SET w4_k0=data_926 (index 14)
2025-12-06 12:50:52,857 - enhanced_raft_node - INFO - [APPLY] Node node3: SET w1_k1=data_603 (index 12)
2025-12-06 12:50:52,858 - enhanced_raft_node - INFO - [APPLY] Node node1: SET w3_k2=data_249 (index 15)
2025-12-06 12:50:52,858 - enhanced_raft_node - INFO - [APPLY] Node node3: SET w2_k1=data_410 (index 13)
2025-12-06 12:50:52,858 - enhanced_raft_node - INFO - [APPLY] Node node1: SET w5_k1=data_936 (index 16)
2025-12-06 12:50:52,858 - enhanced_raft_node - INFO - [APPLY] Node node3: SET w4_k0=data_926 (index 14)
2025-12-06 12:50:52,858 - enhanced_raft_node - INFO - [CLIENT REQUEST] Node node2: set w9_k2 (index 58)
2025-12-06 12:50:52,858 - enhanced_raft_node - INFO - [APPLY] Node node1: SET w7_k0=data_707 (index 17)
2025-12-06 12:50:52,858 - enhanced_raft_node - INFO - [APPLY] Node node3: SET w3_k2=data_249 (index 15)
2025-12-06 12:50:52,859 - enhanced_raft_node - INFO - [APPLY] Node node2: SET w9_k2=data_726 (index 58)
2025-12-06 12:50:52,859 - enhanced_raft_node - INFO - [APPLY] Node node1: SET w6_k2=data_116 (index 18)
2025-12-06 12:50:52,859 - enhanced_raft_node - INFO - [APPLY] Node node3: SET w5_k1=data_936 (index 16)
2025-12-06 12:50:52,859 - enhanced_raft_node - INFO - [APPLY] Node node1: SET w6_k3=data_812 (index 19)
2025-12-06 12:50:52,860 - enhanced_raft_node - INFO - [APPLY] Node node3: SET w7_k0=data_707 (index 17)
2025-12-06 12:50:52,860 - enhanced_raft_node - INFO - [APPLY] Node node1: SET w6_k4=data_593 (index 20)
2025-12-06 12:50:52,861 - enhanced_raft_node - INFO - [APPLY] Node node3: SET w6_k2=data_116 (index 18)
2025-12-06 12:50:52,861 - enhanced_raft_node - INFO - [APPLY] Node node1: SET w8_k2=data_306 (index 21)
2025-12-06 12:50:52,861 - enhanced_raft_node - INFO - [APPLY] Node node3: SET w6_k3=data_812 (index 19)
2025-12-06 12:50:52,861 - enhanced_raft_node - INFO - [APPLY] Node node1: SET w8_k3=data_360 (index 22)
2025-12-06 12:50:52,861 - enhanced_raft_node - INFO - [APPLY] Node node3: SET w6_k4=data_593 (index 20)
2025-12-06 12:50:52,861 - enhanced_raft_node - INFO - [APPLY] Node node1: SET w1_k2=data_796 (index 23)
2025-12-06 12:50:52,862 - enhanced_raft_node - INFO - [APPLY] Node node3: SET w8_k2=data_306 (index 21)
2025-12-06 12:50:52,862 - enhanced_raft_node - INFO - [APPLY] Node node1: SET w1_k3=data_934 (index 24)
2025-12-06 12:50:52,862 - enhanced_raft_node - INFO - [APPLY] Node node3: SET w8_k3=data_360 (index 22)
2025-12-06 12:50:52,862 - enhanced_raft_node - INFO - [CLIENT REQUEST] Node node2: set w6_k7 (index 59)
2025-12-06 12:50:52,862 - enhanced_raft_node - INFO - [APPLY] Node node1: SET w4_k1=data_288 (index 25)
2025-12-06 12:50:52,862 - enhanced_raft_node - INFO - [APPLY] Node node3: SET w1_k2=data_796 (index 23)
2025-12-06 12:50:52,862 - enhanced_raft_node - INFO - [APPLY] Node node2: SET w6_k7=data_586 (index 59)
2025-12-06 12:50:52,862 - enhanced_raft_node - INFO - [APPLY] Node node1: SET w3_k3=data_549 (index 26)
2025-12-06 12:50:52,862 - enhanced_raft_node - INFO - [APPLY] Node node3: SET w1_k3=data_934 (index 24)
2025-12-06 12:50:52,863 - enhanced_raft_node - INFO - [APPLY] Node node1: SET w5_k2=data_322 (index 27)
2025-12-06 12:50:52,863 - enhanced_raft_node - INFO - [APPLY] Node node3: SET w4_k1=data_288 (index 25)
2025-12-06 12:50:52,864 - enhanced_raft_node - INFO - [APPLY] Node node1: SET w7_k1=data_560 (index 28)
2025-12-06 12:50:52,865 - enhanced_raft_node - INFO - [APPLY] Node node3: SET w3_k3=data_549 (index 26)
2025-12-06 12:50:52,865 - enhanced_raft_node - INFO - [APPLY] Node node1: SET w9_k0=data_723 (index 29)
2025-12-06 12:50:52,865 - enhanced_raft_node - INFO - [APPLY] Node node3: SET w5_k2=data_322 (index 27)
2025-12-06 12:50:52,865 - enhanced_raft_node - INFO - [APPLY] Node node1: SET w6_k5=data_722 (index 30)
2025-12-06 12:50:52,865 - enhanced_raft_node - INFO - [APPLY] Node node3: SET w7_k1=data_560 (index 28)
2025-12-06 12:50:52,865 - enhanced_raft_node - INFO - [APPLY] Node node1: SET w0_k2=data_357 (index 31)
2025-12-06 12:50:52,865 - enhanced_raft_node - INFO - [CLIENT REQUEST] Node node2: set w7_k6 (index 60)
2025-12-06 12:50:52,865 - enhanced_raft_node - INFO - [APPLY] Node node3: SET w9_k0=data_723 (index 29)
2025-12-06 12:50:52,866 - enhanced_raft_node - INFO - [APPLY] Node node1: SET w8_k4=data_637 (index 32)
2025-12-06 12:50:52,866 - enhanced_raft_node - INFO - [APPLY] Node node2: SET w7_k6=data_529 (index 60)
2025-12-06 12:50:52,866 - enhanced_raft_node - INFO - [APPLY] Node node3: SET w6_k5=data_722 (index 30)
2025-12-06 12:50:52,866 - enhanced_raft_node - INFO - [APPLY] Node node1: SET w2_k2=data_121 (index 33)
2025-12-06 12:50:52,867 - enhanced_raft_node - INFO - [APPLY] Node node3: SET w0_k2=data_357 (index 31)
2025-12-06 12:50:52,867 - enhanced_raft_node - INFO - [APPLY] Node node1: SET w1_k4=data_235 (index 34)
2025-12-06 12:50:52,868 - enhanced_raft_node - INFO - [APPLY] Node node3: SET w8_k4=data_637 (index 32)
2025-12-06 12:50:52,868 - enhanced_raft_node - INFO - [APPLY] Node node1: SET w4_k2=data_233 (index 35)
2025-12-06 12:50:52,868 - enhanced_raft_node - INFO - [APPLY] Node node3: SET w2_k2=data_121 (index 33)
2025-12-06 12:50:52,868 - enhanced_raft_node - INFO - [APPLY] Node node1: SET w4_k3=data_284 (index 36)
2025-12-06 12:50:52,868 - enhanced_raft_node - INFO - [APPLY] Node node3: SET w1_k4=data_235 (index 34)
2025-12-06 12:50:52,868 - enhanced_raft_node - INFO - [APPLY] Node node1: SET w4_k4=data_255 (index 37)
2025-12-06 12:50:52,869 - enhanced_raft_node - INFO - [APPLY] Node node3: SET w4_k2=data_233 (index 35)
2025-12-06 12:50:52,869 - enhanced_raft_node - INFO - [APPLY] Node node1: SET w7_k2=data_872 (index 38)
2025-12-06 12:50:52,869 - enhanced_raft_node - INFO - [CLIENT REQUEST] Node node2: set w0_k5 (index 61)
2025-12-06 12:50:52,869 - enhanced_raft_node - INFO - [APPLY] Node node3: SET w4_k3=data_284 (index 36)
2025-12-06 12:50:52,869 - enhanced_raft_node - INFO - [APPLY] Node node1: SET w7_k3=data_131 (index 39)
2025-12-06 12:50:52,869 - enhanced_raft_node - INFO - [APPLY] Node node2: SET w0_k5=data_397 (index 61)
2025-12-06 12:50:52,869 - enhanced_raft_node - INFO - [APPLY] Node node3: SET w4_k4=data_255 (index 37)
2025-12-06 12:50:52,869 - enhanced_raft_node - INFO - [APPLY] Node node1: SET w6_k6=data_823 (index 40)
2025-12-06 12:50:52,870 - enhanced_raft_node - INFO - [APPLY] Node node3: SET w7_k2=data_872 (index 38)
2025-12-06 12:50:52,870 - enhanced_raft_node - INFO - [APPLY] Node node1: SET w0_k3=data_738 (index 41)
2025-12-06 12:50:52,872 - enhanced_raft_node - INFO - [APPLY] Node node3: SET w7_k3=data_131 (index 39)
2025-12-06 12:50:52,872 - enhanced_raft_node - INFO - [APPLY] Node node1: SET w0_k4=data_550 (index 42)
2025-12-06 12:50:52,872 - enhanced_raft_node - INFO - [APPLY] Node node3: SET w6_k6=data_823 (index 40)
2025-12-06 12:50:52,872 - enhanced_raft_node - INFO - [APPLY] Node node1: SET w2_k3=data_339 (index 43)
2025-12-06 12:50:52,872 - enhanced_raft_node - INFO - [APPLY] Node node3: SET w0_k3=data_738 (index 41)
2025-12-06 12:50:52,872 - enhanced_raft_node - INFO - [APPLY] Node node1: SET w1_k5=data_846 (index 44)
2025-12-06 12:50:52,872 - enhanced_raft_node - INFO - [APPLY] Node node3: SET w0_k4=data_550 (index 42)
2025-12-06 12:50:52,872 - enhanced_raft_node - INFO - [CLIENT REQUEST] Node node2: set w8_k7 (index 62)
2025-12-06 12:50:52,872 - enhanced_raft_node - INFO - [APPLY] Node node1: SET w1_k6=data_584 (index 45)
2025-12-06 12:50:52,873 - enhanced_raft_node - INFO - [APPLY] Node node3: SET w2_k3=data_339 (index 43)
2025-12-06 12:50:52,873 - enhanced_raft_node - INFO - [APPLY] Node node2: SET w8_k7=data_850 (index 62)
2025-12-06 12:50:52,873 - enhanced_raft_node - INFO - [APPLY] Node node3: SET w1_k5=data_846 (index 44)
2025-12-06 12:50:52,874 - enhanced_raft_node - INFO - [APPLY] Node node3: SET w1_k6=data_584 (index 45)
2025-12-06 12:50:52,876 - enhanced_raft_node - INFO - [CLIENT REQUEST] Node node2: set w2_k5 (index 63)
2025-12-06 12:50:52,876 - enhanced_raft_node - INFO - [APPLY] Node node2: SET w2_k5=data_404 (index 63)
2025-12-06 12:50:52,879 - enhanced_raft_node - INFO - [CLIENT REQUEST] Node node2: set w3_k5 (index 64)
2025-12-06 12:50:52,879 - enhanced_raft_node - INFO - [APPLY] Node node2: SET w3_k5=data_359 (index 64)
2025-12-06 12:50:52,883 - enhanced_raft_node - INFO - [CLIENT REQUEST] Node node2: set w1_k8 (index 65)
2025-12-06 12:50:52,883 - enhanced_raft_node - INFO - [APPLY] Node node2: SET w1_k8=data_855 (index 65)
2025-12-06 12:50:52,886 - enhanced_raft_node - INFO - [CLIENT REQUEST] Node node2: set w5_k5 (index 66)
2025-12-06 12:50:52,886 - enhanced_raft_node - INFO - [APPLY] Node node2: SET w5_k5=data_111 (index 66)
2025-12-06 12:50:52,888 - enhanced_raft_node - INFO - [CLIENT REQUEST] Node node2: set w5_k6 (index 67)
2025-12-06 12:50:52,889 - enhanced_raft_node - INFO - [APPLY] Node node2: SET w5_k6=data_310 (index 67)
2025-12-06 12:50:52,892 - enhanced_raft_node - INFO - [CLIENT REQUEST] Node node2: set w9_k3 (index 68)
2025-12-06 12:50:52,892 - enhanced_raft_node - INFO - [APPLY] Node node2: SET w9_k3=data_77 (index 68)
2025-12-06 12:50:52,895 - enhanced_raft_node - INFO - [CLIENT REQUEST] Node node2: set w6_k8 (index 69)
2025-12-06 12:50:52,896 - enhanced_raft_node - INFO - [APPLY] Node node2: SET w6_k8=data_595 (index 69)
2025-12-06 12:50:52,898 - enhanced_raft_node - INFO - [CLIENT REQUEST] Node node2: set w7_k7 (index 70)
2025-12-06 12:50:52,899 - enhanced_raft_node - INFO - [APPLY] Node node2: SET w7_k7=data_348 (index 70)
2025-12-06 12:50:52,902 - enhanced_raft_node - INFO - [CLIENT REQUEST] Node node2: set w0_k6 (index 71)
2025-12-06 12:50:52,902 - enhanced_raft_node - INFO - [APPLY] Node node2: SET w0_k6=data_793 (index 71)
2025-12-06 12:50:52,905 - enhanced_raft_node - INFO - [CLIENT REQUEST] Node node2: set w8_k8 (index 72)
2025-12-06 12:50:52,905 - enhanced_raft_node - INFO - [APPLY] Node node2: SET w8_k8=data_363 (index 72)
2025-12-06 12:50:52,908 - enhanced_raft_node - INFO - [CLIENT REQUEST] Node node2: set w2_k6 (index 73)
2025-12-06 12:50:52,908 - enhanced_raft_node - INFO - [APPLY] Node node2: SET w2_k6=data_728 (index 73)
2025-12-06 12:50:52,911 - enhanced_raft_node - INFO - [CLIENT REQUEST] Node node2: set w3_k6 (index 74)
2025-12-06 12:50:52,911 - enhanced_raft_node - INFO - [APPLY] Node node2: SET w3_k6=data_916 (index 74)
2025-12-06 12:50:52,914 - enhanced_raft_node - INFO - [CLIENT REQUEST] Node node2: set w1_k9 (index 75)
2025-12-06 12:50:52,915 - enhanced_raft_node - INFO - [APPLY] Node node2: SET w1_k9=data_638 (index 75)
2025-12-06 12:50:52,918 - enhanced_raft_node - INFO - [CLIENT REQUEST] Node node2: set w1_k10 (index 76)
2025-12-06 12:50:52,918 - enhanced_raft_node - INFO - [APPLY] Node node2: SET w1_k10=data_422 (index 76)
2025-12-06 12:50:52,921 - enhanced_raft_node - INFO - [CLIENT REQUEST] Node node2: set w1_k11 (index 77)
2025-12-06 12:50:52,921 - enhanced_raft_node - INFO - [APPLY] Node node2: SET w1_k11=data_946 (index 77)
2025-12-06 12:50:52,924 - enhanced_raft_node - INFO - [CLIENT REQUEST] Node node2: set w9_k4 (index 78)
2025-12-06 12:50:52,925 - enhanced_raft_node - INFO - [APPLY] Node node2: SET w9_k4=data_835 (index 78)
2025-12-06 12:50:52,928 - enhanced_raft_node - INFO - [CLIENT REQUEST] Node node2: set w6_k9 (index 79)
2025-12-06 12:50:52,928 - enhanced_raft_node - INFO - [APPLY] Node node2: SET w6_k9=data_162 (index 79)
2025-12-06 12:50:52,931 - enhanced_raft_node - INFO - [CLIENT REQUEST] Node node2: set w7_k8 (index 80)
2025-12-06 12:50:52,932 - enhanced_raft_node - INFO - [APPLY] Node node2: SET w7_k8=data_581 (index 80)
2025-12-06 12:50:52,935 - enhanced_raft_node - INFO - [CLIENT REQUEST] Node node2: set w0_k7 (index 81)
2025-12-06 12:50:52,935 - enhanced_raft_node - INFO - [APPLY] Node node2: SET w0_k7=data_702 (index 81)
2025-12-06 12:50:52,939 - enhanced_raft_node - INFO - [CLIENT REQUEST] Node node2: set w0_k8 (index 82)
2025-12-06 12:50:52,939 - enhanced_raft_node - INFO - [APPLY] Node node2: SET w0_k8=data_901 (index 82)
2025-12-06 12:50:52,942 - enhanced_raft_node - INFO - [CLIENT REQUEST] Node node2: set w8_k9 (index 83)
2025-12-06 12:50:52,942 - enhanced_raft_node - INFO - [APPLY] Node node2: SET w8_k9=data_128 (index 83)
2025-12-06 12:50:52,946 - enhanced_raft_node - INFO - [CLIENT REQUEST] Node node2: set w2_k7 (index 84)
2025-12-06 12:50:52,946 - enhanced_raft_node - INFO - [APPLY] Node node2: SET w2_k7=data_514 (index 84)
2025-12-06 12:50:52,949 - enhanced_raft_node - INFO - [CLIENT REQUEST] Node node2: set w3_k7 (index 85)
2025-12-06 12:50:52,949 - enhanced_raft_node - INFO - [APPLY] Node node2: SET w3_k7=data_865 (index 85)
2025-12-06 12:50:52,953 - enhanced_raft_node - INFO - [CLIENT REQUEST] Node node2: set w3_k8 (index 86)
2025-12-06 12:50:52,953 - enhanced_raft_node - INFO - [APPLY] Node node2: SET w3_k8=data_82 (index 86)
2025-12-06 12:50:52,957 - enhanced_raft_node - INFO - [CLIENT REQUEST] Node node2: set w5_k7 (index 87)
2025-12-06 12:50:52,957 - enhanced_raft_node - INFO - [APPLY] Node node2: SET w5_k7=data_941 (index 87)
2025-12-06 12:50:52,960 - enhanced_raft_node - INFO - [CLIENT REQUEST] Node node2: set w1_k12 (index 88)
2025-12-06 12:50:52,960 - enhanced_raft_node - INFO - [APPLY] Node node2: SET w1_k12=data_209 (index 88)
2025-12-06 12:50:52,964 - enhanced_raft_node - INFO - [CLIENT REQUEST] Node node2: set w9_k5 (index 89)
2025-12-06 12:50:52,964 - enhanced_raft_node - INFO - [APPLY] Node node2: SET w9_k5=data_504 (index 89)
2025-12-06 12:50:52,968 - enhanced_raft_node - INFO - [CLIENT REQUEST] Node node2: set w9_k6 (index 90)
2025-12-06 12:50:52,968 - enhanced_raft_node - INFO - [APPLY] Node node2: SET w9_k6=data_736 (index 90)
2025-12-06 12:50:52,972 - enhanced_raft_node - INFO - [CLIENT REQUEST] Node node2: set w7_k9 (index 91)
2025-12-06 12:50:52,972 - enhanced_raft_node - INFO - [APPLY] Node node2: SET w7_k9=data_1000 (index 91)
2025-12-06 12:50:52,976 - enhanced_raft_node - INFO - [CLIENT REQUEST] Node node2: set w0_k9 (index 92)
2025-12-06 12:50:52,976 - enhanced_raft_node - INFO - [APPLY] Node node2: SET w0_k9=data_196 (index 92)
2025-12-06 12:50:52,980 - enhanced_raft_node - INFO - [CLIENT REQUEST] Node node2: set w8_k10 (index 93)
2025-12-06 12:50:52,980 - enhanced_raft_node - INFO - [APPLY] Node node2: SET w8_k10=data_167 (index 93)
2025-12-06 12:50:52,983 - enhanced_raft_node - INFO - [CLIENT REQUEST] Node node2: set w2_k8 (index 94)
2025-12-06 12:50:52,984 - enhanced_raft_node - INFO - [APPLY] Node node2: SET w2_k8=data_73 (index 94)
2025-12-06 12:50:52,987 - enhanced_raft_node - INFO - [CLIENT REQUEST] Node node2: set w4_k7 (index 95)
2025-12-06 12:50:52,987 - enhanced_raft_node - INFO - [APPLY] Node node2: SET w4_k7=data_296 (index 95)
2025-12-06 12:50:52,991 - enhanced_raft_node - INFO - [CLIENT REQUEST] Node node2: set w3_k9 (index 96)
2025-12-06 12:50:52,991 - enhanced_raft_node - INFO - [APPLY] Node node2: SET w3_k9=data_178 (index 96)
2025-12-06 12:50:52,995 - enhanced_raft_node - INFO - [CLIENT REQUEST] Node node2: set w3_k10 (index 97)
2025-12-06 12:50:52,995 - enhanced_raft_node - INFO - [APPLY] Node node2: SET w3_k10=data_513 (index 97)
2025-12-06 12:50:52,999 - enhanced_raft_node - INFO - [CLIENT REQUEST] Node node2: set w1_k13 (index 98)
2025-12-06 12:50:52,999 - enhanced_raft_node - INFO - [APPLY] Node node2: SET w1_k13=data_437 (index 98)
2025-12-06 12:50:53,003 - enhanced_raft_node - INFO - [CLIENT REQUEST] Node node2: set w1_k14 (index 99)
2025-12-06 12:50:53,003 - enhanced_raft_node - INFO - [APPLY] Node node2: SET w1_k14=data_774 (index 99)
2025-12-06 12:50:53,007 - enhanced_raft_node - INFO - [CLIENT REQUEST] Node node2: set w9_k7 (index 100)
2025-12-06 12:50:53,007 - enhanced_raft_node - INFO - [APPLY] Node node2: SET w9_k7=data_520 (index 100)
2025-12-06 12:50:53,009 - enhanced_raft_node - INFO - Node node2 created snapshot: last_index=100, remaining_log=0
2025-12-06 12:50:53,011 - enhanced_raft_node - INFO - [CLIENT REQUEST] Node node2: set w7_k10 (index 101)
2025-12-06 12:50:53,011 - enhanced_raft_node - INFO - [APPLY] Node node2: SET w7_k10=data_280 (index 101)
2025-12-06 12:50:53,013 - enhanced_raft_node - INFO - [CLIENT REQUEST] Node node2: set w7_k11 (index 102)
2025-12-06 12:50:53,014 - enhanced_raft_node - INFO - [APPLY] Node node2: SET w7_k11=data_80 (index 102)
2025-12-06 12:50:53,015 - enhanced_raft_node - INFO - [CLIENT REQUEST] Node node2: set w8_k11 (index 103)
2025-12-06 12:50:53,015 - enhanced_raft_node - INFO - [APPLY] Node node2: SET w8_k11=data_486 (index 103)
2025-12-06 12:50:53,016 - enhanced_raft_node - INFO - [CLIENT REQUEST] Node node2: set w2_k9 (index 104)
2025-12-06 12:50:53,016 - enhanced_raft_node - INFO - [APPLY] Node node2: SET w2_k9=data_211 (index 104)
2025-12-06 12:50:53,018 - enhanced_raft_node - INFO - [CLIENT REQUEST] Node node2: set w4_k8 (index 105)
2025-12-06 12:50:53,018 - enhanced_raft_node - INFO - [APPLY] Node node2: SET w4_k8=data_149 (index 105)
2025-12-06 12:50:53,019 - enhanced_raft_node - INFO - [CLIENT REQUEST] Node node2: set w5_k8 (index 106)
2025-12-06 12:50:53,019 - enhanced_raft_node - INFO - [APPLY] Node node2: SET w5_k8=data_81 (index 106)
2025-12-06 12:50:53,020 - enhanced_raft_node - INFO - [CLIENT REQUEST] Node node2: set w3_k11 (index 107)
2025-12-06 12:50:53,020 - enhanced_raft_node - INFO - [APPLY] Node node2: SET w3_k11=data_26 (index 107)
2025-12-06 12:50:53,022 - enhanced_raft_node - INFO - [CLIENT REQUEST] Node node2: set w6_k10 (index 108)
2025-12-06 12:50:53,022 - enhanced_raft_node - INFO - [APPLY] Node node2: SET w6_k10=data_550 (index 108)
2025-12-06 12:50:53,024 - enhanced_raft_node - INFO - [CLIENT REQUEST] Node node2: set w1_k15 (index 109)
2025-12-06 12:50:53,024 - enhanced_raft_node - INFO - [APPLY] Node node2: SET w1_k15=data_21 (index 109)
2025-12-06 12:50:53,025 - enhanced_raft_node - INFO - [CLIENT REQUEST] Node node2: set w9_k8 (index 110)
2025-12-06 12:50:53,026 - enhanced_raft_node - INFO - [APPLY] Node node2: SET w9_k8=data_220 (index 110)
2025-12-06 12:50:53,027 - enhanced_raft_node - INFO - [CLIENT REQUEST] Node node2: set w0_k10 (index 111)
2025-12-06 12:50:53,027 - enhanced_raft_node - INFO - [APPLY] Node node2: SET w0_k10=data_900 (index 111)
2025-12-06 12:50:53,029 - enhanced_raft_node - INFO - [CLIENT REQUEST] Node node2: set w7_k12 (index 112)
2025-12-06 12:50:53,029 - enhanced_raft_node - INFO - [APPLY] Node node2: SET w7_k12=data_26 (index 112)
2025-12-06 12:50:53,030 - enhanced_raft_node - INFO - [CLIENT REQUEST] Node node2: set w8_k12 (index 113)
2025-12-06 12:50:53,030 - enhanced_raft_node - INFO - [APPLY] Node node2: SET w8_k12=data_261 (index 113)
2025-12-06 12:50:53,032 - enhanced_raft_node - INFO - [CLIENT REQUEST] Node node2: set w8_k13 (index 114)
2025-12-06 12:50:53,032 - enhanced_raft_node - INFO - [APPLY] Node node2: SET w8_k13=data_879 (index 114)
2025-12-06 12:50:53,034 - enhanced_raft_node - INFO - [CLIENT REQUEST] Node node2: set w4_k9 (index 115)
2025-12-06 12:50:53,034 - enhanced_raft_node - INFO - [APPLY] Node node2: SET w4_k9=data_777 (index 115)
2025-12-06 12:50:53,035 - enhanced_raft_node - INFO - [CLIENT REQUEST] Node node2: set w5_k9 (index 116)
2025-12-06 12:50:53,036 - enhanced_raft_node - INFO - [APPLY] Node node2: SET w5_k9=data_793 (index 116)
2025-12-06 12:50:53,037 - enhanced_raft_node - INFO - [CLIENT REQUEST] Node node2: set w3_k12 (index 117)
2025-12-06 12:50:53,037 - enhanced_raft_node - INFO - [APPLY] Node node2: SET w3_k12=data_950 (index 117)
2025-12-06 12:50:53,039 - enhanced_raft_node - INFO - [CLIENT REQUEST] Node node2: set w3_k13 (index 118)
2025-12-06 12:50:53,039 - enhanced_raft_node - INFO - [APPLY] Node node2: SET w3_k13=data_364 (index 118)
2025-12-06 12:50:53,040 - enhanced_raft_node - INFO - [CLIENT REQUEST] Node node2: set w1_k16 (index 119)
2025-12-06 12:50:53,041 - enhanced_raft_node - INFO - [APPLY] Node node2: SET w1_k16=data_666 (index 119)
2025-12-06 12:50:53,042 - enhanced_raft_node - INFO - [CLIENT REQUEST] Node node2: set w9_k9 (index 120)
2025-12-06 12:50:53,042 - enhanced_raft_node - INFO - [APPLY] Node node2: SET w9_k9=data_914 (index 120)
2025-12-06 12:50:53,044 - enhanced_raft_node - INFO - [CLIENT REQUEST] Node node2: set w0_k11 (index 121)
2025-12-06 12:50:53,044 - enhanced_raft_node - INFO - [APPLY] Node node2: SET w0_k11=data_974 (index 121)
2025-12-06 12:50:53,046 - enhanced_raft_node - INFO - [CLIENT REQUEST] Node node2: set w7_k13 (index 122)
2025-12-06 12:50:53,046 - enhanced_raft_node - INFO - [APPLY] Node node2: SET w7_k13=data_200 (index 122)
2025-12-06 12:50:53,048 - enhanced_raft_node - INFO - [CLIENT REQUEST] Node node2: set w7_k14 (index 123)
2025-12-06 12:50:53,048 - enhanced_raft_node - INFO - [APPLY] Node node2: SET w7_k14=data_401 (index 123)
2025-12-06 12:50:53,050 - enhanced_raft_node - INFO - [CLIENT REQUEST] Node node2: set w8_k14 (index 124)
2025-12-06 12:50:53,050 - enhanced_raft_node - INFO - [APPLY] Node node2: SET w8_k14=data_355 (index 124)
2025-12-06 12:50:53,051 - enhanced_raft_node - INFO - [CLIENT REQUEST] Node node2: set w4_k10 (index 125)
2025-12-06 12:50:53,052 - enhanced_raft_node - INFO - [APPLY] Node node2: SET w4_k10=data_885 (index 125)
2025-12-06 12:50:53,053 - enhanced_raft_node - INFO - [CLIENT REQUEST] Node node2: set w4_k11 (index 126)
2025-12-06 12:50:53,053 - enhanced_raft_node - INFO - [APPLY] Node node2: SET w4_k11=data_989 (index 126)
2025-12-06 12:50:53,055 - enhanced_raft_node - INFO - [CLIENT REQUEST] Node node2: set w6_k11 (index 127)
2025-12-06 12:50:53,055 - enhanced_raft_node - INFO - [APPLY] Node node2: SET w6_k11=data_316 (index 127)
2025-12-06 12:50:53,057 - enhanced_raft_node - INFO - [CLIENT REQUEST] Node node2: set w3_k14 (index 128)
2025-12-06 12:50:53,057 - enhanced_raft_node - INFO - [APPLY] Node node2: SET w3_k14=data_348 (index 128)
2025-12-06 12:50:53,059 - enhanced_raft_node - INFO - [CLIENT REQUEST] Node node2: set w1_k17 (index 129)
2025-12-06 12:50:53,059 - enhanced_raft_node - INFO - [APPLY] Node node2: SET w1_k17=data_364 (index 129)
2025-12-06 12:50:53,061 - enhanced_raft_node - INFO - [CLIENT REQUEST] Node node2: set w1_k18 (index 130)
2025-12-06 12:50:53,061 - enhanced_raft_node - INFO - [APPLY] Node node2: SET w1_k18=data_951 (index 130)
2025-12-06 12:50:53,063 - enhanced_raft_node - INFO - [CLIENT REQUEST] Node node2: set w0_k12 (index 131)
2025-12-06 12:50:53,063 - enhanced_raft_node - INFO - [APPLY] Node node2: SET w0_k12=data_182 (index 131)
2025-12-06 12:50:53,065 - enhanced_raft_node - INFO - [CLIENT REQUEST] Node node2: set w0_k13 (index 132)
2025-12-06 12:50:53,066 - enhanced_raft_node - INFO - [APPLY] Node node2: SET w0_k13=data_924 (index 132)
2025-12-06 12:50:53,068 - enhanced_raft_node - INFO - [CLIENT REQUEST] Node node2: set w7_k15 (index 133)
2025-12-06 12:50:53,068 - enhanced_raft_node - INFO - [APPLY] Node node2: SET w7_k15=data_861 (index 133)
2025-12-06 12:50:53,070 - enhanced_raft_node - INFO - [CLIENT REQUEST] Node node2: set w8_k15 (index 134)
2025-12-06 12:50:53,070 - enhanced_raft_node - INFO - [APPLY] Node node2: SET w8_k15=data_788 (index 134)
2025-12-06 12:50:53,072 - enhanced_raft_node - INFO - [CLIENT REQUEST] Node node2: set w5_k10 (index 135)
2025-12-06 12:50:53,072 - enhanced_raft_node - INFO - [APPLY] Node node2: SET w5_k10=data_638 (index 135)
2025-12-06 12:50:53,075 - enhanced_raft_node - INFO - [CLIENT REQUEST] Node node2: set w4_k12 (index 136)
2025-12-06 12:50:53,075 - enhanced_raft_node - INFO - [APPLY] Node node2: SET w4_k12=data_286 (index 136)
2025-12-06 12:50:53,077 - enhanced_raft_node - INFO - [CLIENT REQUEST] Node node2: set w4_k13 (index 137)
2025-12-06 12:50:53,077 - enhanced_raft_node - INFO - [APPLY] Node node2: SET w4_k13=data_964 (index 137)
2025-12-06 12:50:53,079 - enhanced_raft_node - INFO - [CLIENT REQUEST] Node node2: set w3_k15 (index 138)
2025-12-06 12:50:53,079 - enhanced_raft_node - INFO - [APPLY] Node node2: SET w3_k15=data_867 (index 138)
2025-12-06 12:50:53,081 - enhanced_raft_node - INFO - [CLIENT REQUEST] Node node2: set w9_k10 (index 139)
2025-12-06 12:50:53,082 - enhanced_raft_node - INFO - [APPLY] Node node2: SET w9_k10=data_24 (index 139)
2025-12-06 12:50:53,084 - enhanced_raft_node - INFO - [CLIENT REQUEST] Node node2: set w1_k19 (index 140)
2025-12-06 12:50:53,084 - enhanced_raft_node - INFO - [APPLY] Node node2: SET w1_k19=data_242 (index 140)
2025-12-06 12:50:53,086 - enhanced_raft_node - INFO - [CLIENT REQUEST] Node node2: set w2_k10 (index 141)
2025-12-06 12:50:53,086 - enhanced_raft_node - INFO - [APPLY] Node node2: SET w2_k10=data_141 (index 141)
2025-12-06 12:50:53,088 - enhanced_raft_node - INFO - [CLIENT REQUEST] Node node2: set w0_k14 (index 142)
2025-12-06 12:50:53,088 - enhanced_raft_node - INFO - [APPLY] Node node2: SET w0_k14=data_668 (index 142)
2025-12-06 12:50:53,090 - enhanced_raft_node - INFO - [CLIENT REQUEST] Node node2: set w0_k15 (index 143)
2025-12-06 12:50:53,091 - enhanced_raft_node - INFO - [APPLY] Node node2: SET w0_k15=data_306 (index 143)
2025-12-06 12:50:53,093 - enhanced_raft_node - INFO - [CLIENT REQUEST] Node node2: set w8_k16 (index 144)
2025-12-06 12:50:53,093 - enhanced_raft_node - INFO - [APPLY] Node node2: SET w8_k16=data_471 (index 144)
2025-12-06 12:50:53,096 - enhanced_raft_node - INFO - [CLIENT REQUEST] Node node2: set w8_k17 (index 145)
2025-12-06 12:50:53,096 - enhanced_raft_node - INFO - [APPLY] Node node2: SET w8_k17=data_598 (index 145)
2025-12-06 12:50:53,098 - enhanced_raft_node - INFO - [CLIENT REQUEST] Node node2: set w6_k12 (index 146)
2025-12-06 12:50:53,099 - enhanced_raft_node - INFO - [APPLY] Node node2: SET w6_k12=data_754 (index 146)
2025-12-06 12:50:53,101 - enhanced_raft_node - INFO - [CLIENT REQUEST] Node node2: set w4_k14 (index 147)
2025-12-06 12:50:53,101 - enhanced_raft_node - INFO - [APPLY] Node node2: SET w4_k14=data_52 (index 147)
2025-12-06 12:50:53,104 - enhanced_raft_node - INFO - [CLIENT REQUEST] Node node2: set w3_k16 (index 148)
2025-12-06 12:50:53,104 - enhanced_raft_node - INFO - [APPLY] Node node2: SET w3_k16=data_27 (index 148)
2025-12-06 12:50:53,106 - enhanced_raft_node - INFO - [CLIENT REQUEST] Node node2: set w3_k17 (index 149)
2025-12-06 12:50:53,106 - enhanced_raft_node - INFO - [APPLY] Node node2: SET w3_k17=data_551 (index 149)
2025-12-06 12:50:53,109 - enhanced_raft_node - INFO - [CLIENT REQUEST] Node node2: set w1_k20 (index 150)
2025-12-06 12:50:53,109 - enhanced_raft_node - INFO - [APPLY] Node node2: SET w1_k20=data_496 (index 150)
2025-12-06 12:50:53,111 - enhanced_raft_node - INFO - [CLIENT REQUEST] Node node2: set w2_k11 (index 151)
2025-12-06 12:50:53,111 - enhanced_raft_node - INFO - [APPLY] Node node2: SET w2_k11=data_694 (index 151)
2025-12-06 12:50:53,114 - enhanced_raft_node - INFO - [CLIENT REQUEST] Node node2: set w2_k12 (index 152)
2025-12-06 12:50:53,114 - enhanced_raft_node - INFO - [APPLY] Node node2: SET w2_k12=data_500 (index 152)
2025-12-06 12:50:53,117 - enhanced_raft_node - INFO - [CLIENT REQUEST] Node node2: set w0_k16 (index 153)
2025-12-06 12:50:53,117 - enhanced_raft_node - INFO - [APPLY] Node node2: SET w0_k16=data_98 (index 153)
2025-12-06 12:50:53,119 - enhanced_raft_node - INFO - [CLIENT REQUEST] Node node2: set w5_k11 (index 154)
2025-12-06 12:50:53,119 - enhanced_raft_node - INFO - [APPLY] Node node2: SET w5_k11=data_486 (index 154)
2025-12-06 12:50:53,122 - enhanced_raft_node - INFO - [CLIENT REQUEST] Node node2: set w8_k18 (index 155)
2025-12-06 12:50:53,122 - enhanced_raft_node - INFO - [APPLY] Node node2: SET w8_k18=data_174 (index 155)
2025-12-06 12:50:53,125 - enhanced_raft_node - INFO - [CLIENT REQUEST] Node node2: set w6_k13 (index 156)
2025-12-06 12:50:53,125 - enhanced_raft_node - INFO - [APPLY] Node node2: SET w6_k13=data_373 (index 156)
2025-12-06 12:50:53,128 - enhanced_raft_node - INFO - [CLIENT REQUEST] Node node2: set w4_k15 (index 157)
2025-12-06 12:50:53,128 - enhanced_raft_node - INFO - [APPLY] Node node2: SET w4_k15=data_912 (index 157)
2025-12-06 12:50:53,131 - enhanced_raft_node - INFO - [CLIENT REQUEST] Node node2: set w9_k11 (index 158)
2025-12-06 12:50:53,131 - enhanced_raft_node - INFO - [APPLY] Node node2: SET w9_k11=data_515 (index 158)
2025-12-06 12:50:53,134 - enhanced_raft_node - INFO - [CLIENT REQUEST] Node node2: set w3_k18 (index 159)
2025-12-06 12:50:53,134 - enhanced_raft_node - INFO - [APPLY] Node node2: SET w3_k18=data_648 (index 159)
2025-12-06 12:50:53,136 - enhanced_raft_node - INFO - [CLIENT REQUEST] Node node2: set w3_k19 (index 160)
2025-12-06 12:50:53,137 - enhanced_raft_node - INFO - [APPLY] Node node2: SET w3_k19=data_319 (index 160)
2025-12-06 12:50:53,139 - enhanced_raft_node - INFO - [CLIENT REQUEST] Node node2: set w7_k16 (index 161)
2025-12-06 12:50:53,139 - enhanced_raft_node - INFO - [APPLY] Node node2: SET w7_k16=data_426 (index 161)
2025-12-06 12:50:53,142 - enhanced_raft_node - INFO - [CLIENT REQUEST] Node node2: set w2_k13 (index 162)
2025-12-06 12:50:53,143 - enhanced_raft_node - INFO - [APPLY] Node node2: SET w2_k13=data_11 (index 162)
2025-12-06 12:50:53,145 - enhanced_raft_node - INFO - [CLIENT REQUEST] Node node2: set w0_k17 (index 163)
2025-12-06 12:50:53,145 - enhanced_raft_node - INFO - [APPLY] Node node2: SET w0_k17=data_352 (index 163)
2025-12-06 12:50:53,148 - enhanced_raft_node - INFO - [CLIENT REQUEST] Node node2: set w5_k12 (index 164)
2025-12-06 12:50:53,149 - enhanced_raft_node - INFO - [APPLY] Node node2: SET w5_k12=data_351 (index 164)
2025-12-06 12:50:53,151 - enhanced_raft_node - INFO - [CLIENT REQUEST] Node node2: set w8_k19 (index 165)
2025-12-06 12:50:53,151 - enhanced_raft_node - INFO - [APPLY] Node node2: SET w8_k19=data_216 (index 165)
2025-12-06 12:50:53,154 - enhanced_raft_node - INFO - [CLIENT REQUEST] Node node2: set w6_k14 (index 166)
2025-12-06 12:50:53,155 - enhanced_raft_node - INFO - [APPLY] Node node2: SET w6_k14=data_268 (index 166)
2025-12-06 12:50:53,159 - enhanced_raft_node - INFO - [CLIENT REQUEST] Node node2: set w6_k15 (index 167)
2025-12-06 12:50:53,159 - enhanced_raft_node - INFO - [APPLY] Node node2: SET w6_k15=data_513 (index 167)
2025-12-06 12:50:53,163 - enhanced_raft_node - INFO - [CLIENT REQUEST] Node node2: set w9_k12 (index 168)
2025-12-06 12:50:53,163 - enhanced_raft_node - INFO - [APPLY] Node node2: SET w9_k12=data_140 (index 168)
2025-12-06 12:50:53,166 - enhanced_raft_node - INFO - [CLIENT REQUEST] Node node2: set w1_k21 (index 169)
2025-12-06 12:50:53,166 - enhanced_raft_node - INFO - [APPLY] Node node2: SET w1_k21=data_238 (index 169)
2025-12-06 12:50:53,169 - enhanced_raft_node - INFO - [CLIENT REQUEST] Node node2: set w3_k20 (index 170)
2025-12-06 12:50:53,169 - enhanced_raft_node - INFO - [APPLY] Node node2: SET w3_k20=data_619 (index 170)
2025-12-06 12:50:53,172 - enhanced_raft_node - INFO - [CLIENT REQUEST] Node node2: set w7_k17 (index 171)
2025-12-06 12:50:53,173 - enhanced_raft_node - INFO - [APPLY] Node node2: SET w7_k17=data_972 (index 171)
2025-12-06 12:50:53,175 - enhanced_raft_node - INFO - [CLIENT REQUEST] Node node2: set w2_k14 (index 172)
2025-12-06 12:50:53,176 - enhanced_raft_node - INFO - [APPLY] Node node2: SET w2_k14=data_683 (index 172)
2025-12-06 12:50:53,179 - enhanced_raft_node - INFO - [CLIENT REQUEST] Node node2: set w0_k18 (index 173)
2025-12-06 12:50:53,179 - enhanced_raft_node - INFO - [APPLY] Node node2: SET w0_k18=data_677 (index 173)
2025-12-06 12:50:53,182 - enhanced_raft_node - INFO - [CLIENT REQUEST] Node node2: set w5_k13 (index 174)
2025-12-06 12:50:53,182 - enhanced_raft_node - INFO - [APPLY] Node node2: SET w5_k13=data_385 (index 174)
2025-12-06 12:50:53,185 - enhanced_raft_node - INFO - [CLIENT REQUEST] Node node2: set w8_k20 (index 175)
2025-12-06 12:50:53,185 - enhanced_raft_node - INFO - [APPLY] Node node2: SET w8_k20=data_920 (index 175)
2025-12-06 12:50:53,190 - enhanced_raft_node - INFO - [CLIENT REQUEST] Node node2: set w4_k16 (index 176)
2025-12-06 12:50:53,190 - enhanced_raft_node - INFO - [APPLY] Node node2: SET w4_k16=data_356 (index 176)
2025-12-06 12:50:53,193 - enhanced_raft_node - INFO - [CLIENT REQUEST] Node node2: set w6_k16 (index 177)
2025-12-06 12:50:53,193 - enhanced_raft_node - INFO - [APPLY] Node node2: SET w6_k16=data_169 (index 177)
2025-12-06 12:50:53,197 - enhanced_raft_node - INFO - [CLIENT REQUEST] Node node2: set w9_k13 (index 178)
2025-12-06 12:50:53,197 - enhanced_raft_node - INFO - [APPLY] Node node2: SET w9_k13=data_611 (index 178)
2025-12-06 12:50:53,200 - enhanced_raft_node - INFO - [CLIENT REQUEST] Node node2: set w1_k22 (index 179)
2025-12-06 12:50:53,200 - enhanced_raft_node - INFO - [APPLY] Node node2: SET w1_k22=data_620 (index 179)
2025-12-06 12:50:53,204 - enhanced_raft_node - INFO - [CLIENT REQUEST] Node node2: set w1_k23 (index 180)
2025-12-06 12:50:53,205 - enhanced_raft_node - INFO - [APPLY] Node node2: SET w1_k23=data_981 (index 180)
2025-12-06 12:50:53,208 - enhanced_raft_node - INFO - [CLIENT REQUEST] Node node2: set w7_k18 (index 181)
2025-12-06 12:50:53,208 - enhanced_raft_node - INFO - [APPLY] Node node2: SET w7_k18=data_342 (index 181)
2025-12-06 12:50:53,212 - enhanced_raft_node - INFO - [CLIENT REQUEST] Node node2: set w2_k15 (index 182)
2025-12-06 12:50:53,212 - enhanced_raft_node - INFO - [APPLY] Node node2: SET w2_k15=data_428 (index 182)
2025-12-06 12:50:53,216 - enhanced_raft_node - INFO - [CLIENT REQUEST] Node node2: set w0_k19 (index 183)
2025-12-06 12:50:53,216 - enhanced_raft_node - INFO - [APPLY] Node node2: SET w0_k19=data_22 (index 183)
2025-12-06 12:50:53,220 - enhanced_raft_node - INFO - [CLIENT REQUEST] Node node2: set w5_k14 (index 184)
2025-12-06 12:50:53,220 - enhanced_raft_node - INFO - [APPLY] Node node2: SET w5_k14=data_400 (index 184)
2025-12-06 12:50:53,223 - enhanced_raft_node - INFO - [CLIENT REQUEST] Node node2: set w8_k21 (index 185)
2025-12-06 12:50:53,223 - enhanced_raft_node - INFO - [APPLY] Node node2: SET w8_k21=data_934 (index 185)
2025-12-06 12:50:53,227 - enhanced_raft_node - INFO - [CLIENT REQUEST] Node node2: set w4_k17 (index 186)
2025-12-06 12:50:53,227 - enhanced_raft_node - INFO - [APPLY] Node node2: SET w4_k17=data_573 (index 186)
2025-12-06 12:50:53,230 - enhanced_raft_node - INFO - [CLIENT REQUEST] Node node2: set w4_k18 (index 187)
2025-12-06 12:50:53,230 - enhanced_raft_node - INFO - [APPLY] Node node2: SET w4_k18=data_599 (index 187)
2025-12-06 12:50:53,234 - enhanced_raft_node - INFO - [CLIENT REQUEST] Node node2: set w9_k14 (index 188)
2025-12-06 12:50:53,235 - enhanced_raft_node - INFO - [APPLY] Node node2: SET w9_k14=data_261 (index 188)
2025-12-06 12:50:53,238 - enhanced_raft_node - INFO - [CLIENT REQUEST] Node node2: set w3_k21 (index 189)
2025-12-06 12:50:53,238 - enhanced_raft_node - INFO - [APPLY] Node node2: SET w3_k21=data_638 (index 189)
2025-12-06 12:50:53,242 - enhanced_raft_node - INFO - [CLIENT REQUEST] Node node2: set w1_k24 (index 190)
2025-12-06 12:50:53,242 - enhanced_raft_node - INFO - [APPLY] Node node2: SET w1_k24=data_499 (index 190)
2025-12-06 12:50:53,246 - enhanced_raft_node - INFO - [CLIENT REQUEST] Node node2: set w7_k19 (index 191)
2025-12-06 12:50:53,246 - enhanced_raft_node - INFO - [APPLY] Node node2: SET w7_k19=data_397 (index 191)
2025-12-06 12:50:53,249 - enhanced_raft_node - INFO - [CLIENT REQUEST] Node node2: set w7_k20 (index 192)
2025-12-06 12:50:53,250 - enhanced_raft_node - INFO - [APPLY] Node node2: SET w7_k20=data_306 (index 192)
2025-12-06 12:50:53,253 - enhanced_raft_node - INFO - [CLIENT REQUEST] Node node2: set w0_k20 (index 193)
2025-12-06 12:50:53,253 - enhanced_raft_node - INFO - [APPLY] Node node2: SET w0_k20=data_468 (index 193)
2025-12-06 12:50:53,257 - enhanced_raft_node - INFO - [CLIENT REQUEST] Node node2: set w5_k15 (index 194)
2025-12-06 12:50:53,257 - enhanced_raft_node - INFO - [APPLY] Node node2: SET w5_k15=data_373 (index 194)
2025-12-06 12:50:53,261 - enhanced_raft_node - INFO - [CLIENT REQUEST] Node node2: set w8_k22 (index 195)
2025-12-06 12:50:53,261 - enhanced_raft_node - INFO - [APPLY] Node node2: SET w8_k22=data_810 (index 195)
2025-12-06 12:50:53,265 - enhanced_raft_node - INFO - [CLIENT REQUEST] Node node2: set w6_k17 (index 196)
2025-12-06 12:50:53,265 - enhanced_raft_node - INFO - [APPLY] Node node2: SET w6_k17=data_536 (index 196)
2025-12-06 12:50:53,269 - enhanced_raft_node - INFO - [CLIENT REQUEST] Node node2: set w4_k19 (index 197)
2025-12-06 12:50:53,269 - enhanced_raft_node - INFO - [APPLY] Node node2: SET w4_k19=data_839 (index 197)
2025-12-06 12:50:53,272 - enhanced_raft_node - INFO - [CLIENT REQUEST] Node node2: set w4_k20 (index 198)
2025-12-06 12:50:53,273 - enhanced_raft_node - INFO - [APPLY] Node node2: SET w4_k20=data_863 (index 198)
2025-12-06 12:50:53,276 - enhanced_raft_node - INFO - [CLIENT REQUEST] Node node2: set w4_k21 (index 199)
2025-12-06 12:50:53,276 - enhanced_raft_node - INFO - [APPLY] Node node2: SET w4_k21=data_59 (index 199)
2025-12-06 12:50:53,280 - enhanced_raft_node - INFO - [CLIENT REQUEST] Node node2: set w1_k25 (index 200)
2025-12-06 12:50:53,280 - enhanced_raft_node - INFO - [APPLY] Node node2: SET w1_k25=data_38 (index 200)
2025-12-06 12:50:53,282 - enhanced_raft_node - INFO - Node node2 created snapshot: last_index=200, remaining_log=0
2025-12-06 12:50:53,284 - enhanced_raft_node - INFO - [CLIENT REQUEST] Node node2: set w2_k16 (index 201)
2025-12-06 12:50:53,284 - enhanced_raft_node - INFO - [APPLY] Node node2: SET w2_k16=data_379 (index 201)
2025-12-06 12:50:53,285 - enhanced_raft_node - INFO - [CLIENT REQUEST] Node node2: set w7_k21 (index 202)
2025-12-06 12:50:53,285 - enhanced_raft_node - INFO - [APPLY] Node node2: SET w7_k21=data_767 (index 202)
2025-12-06 12:50:53,286 - enhanced_raft_node - INFO - [CLIENT REQUEST] Node node2: set w0_k21 (index 203)
2025-12-06 12:50:53,286 - enhanced_raft_node - INFO - [APPLY] Node node2: SET w0_k21=data_970 (index 203)
2025-12-06 12:50:53,288 - enhanced_raft_node - INFO - [CLIENT REQUEST] Node node2: set w0_k22 (index 204)
2025-12-06 12:50:53,288 - enhanced_raft_node - INFO - [APPLY] Node node2: SET w0_k22=data_400 (index 204)
2025-12-06 12:50:53,289 - enhanced_raft_node - INFO - [CLIENT REQUEST] Node node2: set w8_k23 (index 205)
2025-12-06 12:50:53,289 - enhanced_raft_node - INFO - [APPLY] Node node2: SET w8_k23=data_535 (index 205)
2025-12-06 12:50:53,290 - enhanced_raft_node - INFO - [CLIENT REQUEST] Node node2: set w6_k18 (index 206)
2025-12-06 12:50:53,290 - enhanced_raft_node - INFO - [APPLY] Node node2: SET w6_k18=data_657 (index 206)
2025-12-06 12:50:53,291 - enhanced_raft_node - INFO - [CLIENT REQUEST] Node node2: set w6_k19 (index 207)
2025-12-06 12:50:53,292 - enhanced_raft_node - INFO - [APPLY] Node node2: SET w6_k19=data_600 (index 207)
2025-12-06 12:50:53,293 - enhanced_raft_node - INFO - [CLIENT REQUEST] Node node2: set w3_k22 (index 208)
2025-12-06 12:50:53,293 - enhanced_raft_node - INFO - [APPLY] Node node2: SET w3_k22=data_360 (index 208)
2025-12-06 12:50:53,294 - enhanced_raft_node - INFO - [CLIENT REQUEST] Node node2: set w4_k22 (index 209)
2025-12-06 12:50:53,295 - enhanced_raft_node - INFO - [APPLY] Node node2: SET w4_k22=data_527 (index 209)
2025-12-06 12:50:53,296 - enhanced_raft_node - INFO - [CLIENT REQUEST] Node node2: set w1_k26 (index 210)
2025-12-06 12:50:53,296 - enhanced_raft_node - INFO - [APPLY] Node node2: SET w1_k26=data_18 (index 210)
2025-12-06 12:50:53,298 - enhanced_raft_node - INFO - [CLIENT REQUEST] Node node2: set w1_k27 (index 211)
2025-12-06 12:50:53,298 - enhanced_raft_node - INFO - [APPLY] Node node2: SET w1_k27=data_728 (index 211)
2025-12-06 12:50:53,299 - enhanced_raft_node - INFO - [CLIENT REQUEST] Node node2: set w1_k28 (index 212)
2025-12-06 12:50:53,299 - enhanced_raft_node - INFO - [APPLY] Node node2: SET w1_k28=data_319 (index 212)
2025-12-06 12:50:53,301 - enhanced_raft_node - INFO - [CLIENT REQUEST] Node node2: set w5_k16 (index 213)
2025-12-06 12:50:53,301 - enhanced_raft_node - INFO - [APPLY] Node node2: SET w5_k16=data_767 (index 213)
2025-12-06 12:50:53,302 - enhanced_raft_node - INFO - [CLIENT REQUEST] Node node2: set w0_k23 (index 214)
2025-12-06 12:50:53,303 - enhanced_raft_node - INFO - [APPLY] Node node2: SET w0_k23=data_642 (index 214)
2025-12-06 12:50:53,304 - enhanced_raft_node - INFO - [CLIENT REQUEST] Node node2: set w8_k24 (index 215)
2025-12-06 12:50:53,304 - enhanced_raft_node - INFO - [APPLY] Node node2: SET w8_k24=data_19 (index 215)
2025-12-06 12:50:53,306 - enhanced_raft_node - INFO - [CLIENT REQUEST] Node node2: set w9_k15 (index 216)
2025-12-06 12:50:53,306 - enhanced_raft_node - INFO - [APPLY] Node node2: SET w9_k15=data_809 (index 216)
2025-12-06 12:50:53,307 - enhanced_raft_node - INFO - [CLIENT REQUEST] Node node2: set w6_k20 (index 217)
2025-12-06 12:50:53,307 - enhanced_raft_node - INFO - [APPLY] Node node2: SET w6_k20=data_337 (index 217)
2025-12-06 12:50:53,309 - enhanced_raft_node - INFO - [CLIENT REQUEST] Node node2: set w3_k23 (index 218)
2025-12-06 12:50:53,309 - enhanced_raft_node - INFO - [APPLY] Node node2: SET w3_k23=data_742 (index 218)
2025-12-06 12:50:53,311 - enhanced_raft_node - INFO - [CLIENT REQUEST] Node node2: set w3_k24 (index 219)
2025-12-06 12:50:53,311 - enhanced_raft_node - INFO - [APPLY] Node node2: SET w3_k24=data_743 (index 219)
2025-12-06 12:50:53,314 - enhanced_raft_node - INFO - [CLIENT REQUEST] Node node2: set w2_k17 (index 220)
2025-12-06 12:50:53,314 - enhanced_raft_node - INFO - [APPLY] Node node2: SET w2_k17=data_484 (index 220)
2025-12-06 12:50:53,316 - enhanced_raft_node - INFO - [CLIENT REQUEST] Node node2: set w7_k22 (index 221)
2025-12-06 12:50:53,316 - enhanced_raft_node - INFO - [APPLY] Node node2: SET w7_k22=data_327 (index 221)
2025-12-06 12:50:53,318 - enhanced_raft_node - INFO - [CLIENT REQUEST] Node node2: set w1_k29 (index 222)
2025-12-06 12:50:53,318 - enhanced_raft_node - INFO - [APPLY] Node node2: SET w1_k29=data_878 (index 222)
2025-12-06 12:50:53,319 - enhanced_raft_node - INFO - [CLIENT REQUEST] Node node2: set w5_k17 (index 223)
2025-12-06 12:50:53,320 - enhanced_raft_node - INFO - [APPLY] Node node2: SET w5_k17=data_751 (index 223)
2025-12-06 12:50:53,321 - enhanced_raft_node - INFO - [CLIENT REQUEST] Node node2: set w0_k24 (index 224)
2025-12-06 12:50:53,321 - enhanced_raft_node - INFO - [APPLY] Node node2: SET w0_k24=data_370 (index 224)
2025-12-06 12:50:53,323 - enhanced_raft_node - INFO - [CLIENT REQUEST] Node node2: set w8_k25 (index 225)
2025-12-06 12:50:53,323 - enhanced_raft_node - INFO - [APPLY] Node node2: SET w8_k25=data_585 (index 225)
2025-12-06 12:50:53,325 - enhanced_raft_node - INFO - [CLIENT REQUEST] Node node2: set w8_k26 (index 226)
2025-12-06 12:50:53,325 - enhanced_raft_node - INFO - [APPLY] Node node2: SET w8_k26=data_169 (index 226)
2025-12-06 12:50:53,327 - enhanced_raft_node - INFO - [CLIENT REQUEST] Node node2: set w6_k21 (index 227)
2025-12-06 12:50:53,327 - enhanced_raft_node - INFO - [APPLY] Node node2: SET w6_k21=data_336 (index 227)
2025-12-06 12:50:53,329 - enhanced_raft_node - INFO - [CLIENT REQUEST] Node node2: set w4_k23 (index 228)
2025-12-06 12:50:53,329 - enhanced_raft_node - INFO - [APPLY] Node node2: SET w4_k23=data_15 (index 228)
2025-12-06 12:50:53,331 - enhanced_raft_node - INFO - [CLIENT REQUEST] Node node2: set w3_k25 (index 229)
2025-12-06 12:50:53,331 - enhanced_raft_node - INFO - [APPLY] Node node2: SET w3_k25=data_527 (index 229)
2025-12-06 12:50:53,333 - enhanced_raft_node - INFO - [CLIENT REQUEST] Node node2: set w2_k18 (index 230)
2025-12-06 12:50:53,333 - enhanced_raft_node - INFO - [APPLY] Node node2: SET w2_k18=data_547 (index 230)
2025-12-06 12:50:53,335 - enhanced_raft_node - INFO - [CLIENT REQUEST] Node node2: set w7_k23 (index 231)
2025-12-06 12:50:53,335 - enhanced_raft_node - INFO - [APPLY] Node node2: SET w7_k23=data_803 (index 231)
2025-12-06 12:50:53,337 - enhanced_raft_node - INFO - [CLIENT REQUEST] Node node2: set w1_k30 (index 232)
2025-12-06 12:50:53,337 - enhanced_raft_node - INFO - [APPLY] Node node2: SET w1_k30=data_325 (index 232)
2025-12-06 12:50:53,339 - enhanced_raft_node - INFO - [CLIENT REQUEST] Node node2: set w5_k18 (index 233)
2025-12-06 12:50:53,339 - enhanced_raft_node - INFO - [APPLY] Node node2: SET w5_k18=data_670 (index 233)
2025-12-06 12:50:53,341 - enhanced_raft_node - INFO - [CLIENT REQUEST] Node node2: set w0_k25 (index 234)
2025-12-06 12:50:53,341 - enhanced_raft_node - INFO - [APPLY] Node node2: SET w0_k25=data_457 (index 234)
2025-12-06 12:50:53,344 - enhanced_raft_node - INFO - [CLIENT REQUEST] Node node2: set w0_k26 (index 235)
2025-12-06 12:50:53,344 - enhanced_raft_node - INFO - [APPLY] Node node2: SET w0_k26=data_65 (index 235)
2025-12-06 12:50:53,346 - enhanced_raft_node - INFO - [CLIENT REQUEST] Node node2: set w8_k27 (index 236)
2025-12-06 12:50:53,346 - enhanced_raft_node - INFO - [APPLY] Node node2: SET w8_k27=data_687 (index 236)
2025-12-06 12:50:53,348 - enhanced_raft_node - INFO - [CLIENT REQUEST] Node node2: set w6_k22 (index 237)
2025-12-06 12:50:53,348 - enhanced_raft_node - INFO - [APPLY] Node node2: SET w6_k22=data_618 (index 237)
2025-12-06 12:50:53,350 - enhanced_raft_node - INFO - [CLIENT REQUEST] Node node2: set w4_k24 (index 238)
2025-12-06 12:50:53,351 - enhanced_raft_node - INFO - [APPLY] Node node2: SET w4_k24=data_450 (index 238)
2025-12-06 12:50:53,353 - enhanced_raft_node - INFO - [CLIENT REQUEST] Node node2: set w4_k25 (index 239)
2025-12-06 12:50:53,353 - enhanced_raft_node - INFO - [APPLY] Node node2: SET w4_k25=data_996 (index 239)
2025-12-06 12:50:53,355 - enhanced_raft_node - INFO - [CLIENT REQUEST] Node node2: set w4_k26 (index 240)
2025-12-06 12:50:53,355 - enhanced_raft_node - INFO - [APPLY] Node node2: SET w4_k26=data_688 (index 240)
2025-12-06 12:50:53,357 - enhanced_raft_node - INFO - [CLIENT REQUEST] Node node2: set w4_k27 (index 241)
2025-12-06 12:50:53,357 - enhanced_raft_node - INFO - [APPLY] Node node2: SET w4_k27=data_918 (index 241)
2025-12-06 12:50:53,360 - enhanced_raft_node - INFO - [CLIENT REQUEST] Node node2: set w4_k28 (index 242)
2025-12-06 12:50:53,360 - enhanced_raft_node - INFO - [APPLY] Node node2: SET w4_k28=data_803 (index 242)
2025-12-06 12:50:53,362 - enhanced_raft_node - INFO - [CLIENT REQUEST] Node node2: set w5_k19 (index 243)
2025-12-06 12:50:53,362 - enhanced_raft_node - INFO - [APPLY] Node node2: SET w5_k19=data_691 (index 243)
2025-12-06 12:50:53,365 - enhanced_raft_node - INFO - [CLIENT REQUEST] Node node2: set w9_k16 (index 244)
2025-12-06 12:50:53,365 - enhanced_raft_node - INFO - [APPLY] Node node2: SET w9_k16=data_710 (index 244)
2025-12-06 12:50:53,367 - enhanced_raft_node - INFO - [CLIENT REQUEST] Node node2: set w0_k27 (index 245)
2025-12-06 12:50:53,367 - enhanced_raft_node - INFO - [APPLY] Node node2: SET w0_k27=data_145 (index 245)
2025-12-06 12:50:53,369 - enhanced_raft_node - INFO - [CLIENT REQUEST] Node node2: set w0_k28 (index 246)
2025-12-06 12:50:53,369 - enhanced_raft_node - INFO - [APPLY] Node node2: SET w0_k28=data_123 (index 246)
2025-12-06 12:50:53,371 - enhanced_raft_node - INFO - [CLIENT REQUEST] Node node2: set w0_k29 (index 247)
2025-12-06 12:50:53,372 - enhanced_raft_node - INFO - [APPLY] Node node2: SET w0_k29=data_201 (index 247)
2025-12-06 12:50:53,374 - enhanced_raft_node - INFO - [CLIENT REQUEST] Node node2: set w0_k30 (index 248)
2025-12-06 12:50:53,374 - enhanced_raft_node - INFO - [APPLY] Node node2: SET w0_k30=data_364 (index 248)
2025-12-06 12:50:53,376 - enhanced_raft_node - INFO - [CLIENT REQUEST] Node node2: set w2_k19 (index 249)
2025-12-06 12:50:53,377 - enhanced_raft_node - INFO - [APPLY] Node node2: SET w2_k19=data_715 (index 249)
2025-12-06 12:50:53,379 - enhanced_raft_node - INFO - [CLIENT REQUEST] Node node2: set w7_k24 (index 250)
2025-12-06 12:50:53,379 - enhanced_raft_node - INFO - [APPLY] Node node2: SET w7_k24=data_539 (index 250)
2025-12-06 12:50:53,382 - enhanced_raft_node - INFO - [CLIENT REQUEST] Node node2: set w1_k31 (index 251)
2025-12-06 12:50:53,382 - enhanced_raft_node - INFO - [APPLY] Node node2: SET w1_k31=data_368 (index 251)
2025-12-06 12:50:53,384 - enhanced_raft_node - INFO - [CLIENT REQUEST] Node node2: set w4_k29 (index 252)
2025-12-06 12:50:53,384 - enhanced_raft_node - INFO - [APPLY] Node node2: SET w4_k29=data_666 (index 252)
2025-12-06 12:50:53,387 - enhanced_raft_node - INFO - [CLIENT REQUEST] Node node2: set w4_k30 (index 253)
2025-12-06 12:50:53,387 - enhanced_raft_node - INFO - [APPLY] Node node2: SET w4_k30=data_491 (index 253)
2025-12-06 12:50:53,389 - enhanced_raft_node - INFO - [CLIENT REQUEST] Node node2: set w4_k31 (index 254)
2025-12-06 12:50:53,389 - enhanced_raft_node - INFO - [APPLY] Node node2: SET w4_k31=data_36 (index 254)
2025-12-06 12:50:53,392 - enhanced_raft_node - INFO - [CLIENT REQUEST] Node node2: set w8_k28 (index 255)
2025-12-06 12:50:53,393 - enhanced_raft_node - INFO - [APPLY] Node node2: SET w8_k28=data_939 (index 255)
2025-12-06 12:50:53,395 - enhanced_raft_node - INFO - [CLIENT REQUEST] Node node2: set w8_k29 (index 256)
2025-12-06 12:50:53,395 - enhanced_raft_node - INFO - [APPLY] Node node2: SET w8_k29=data_649 (index 256)
2025-12-06 12:50:53,398 - enhanced_raft_node - INFO - [CLIENT REQUEST] Node node2: set w3_k26 (index 257)
2025-12-06 12:50:53,398 - enhanced_raft_node - INFO - [APPLY] Node node2: SET w3_k26=data_571 (index 257)
2025-12-06 12:50:53,401 - enhanced_raft_node - INFO - [CLIENT REQUEST] Node node2: set w0_k31 (index 258)
2025-12-06 12:50:53,401 - enhanced_raft_node - INFO - [APPLY] Node node2: SET w0_k31=data_829 (index 258)
2025-12-06 12:50:53,403 - enhanced_raft_node - INFO - [CLIENT REQUEST] Node node2: set w2_k20 (index 259)
2025-12-06 12:50:53,404 - enhanced_raft_node - INFO - [APPLY] Node node2: SET w2_k20=data_646 (index 259)
2025-12-06 12:50:53,407 - enhanced_raft_node - INFO - [CLIENT REQUEST] Node node2: set w7_k25 (index 260)
2025-12-06 12:50:53,407 - enhanced_raft_node - INFO - [APPLY] Node node2: SET w7_k25=data_667 (index 260)
2025-12-06 12:50:53,409 - enhanced_raft_node - INFO - [CLIENT REQUEST] Node node2: set w1_k32 (index 261)
2025-12-06 12:50:53,410 - enhanced_raft_node - INFO - [APPLY] Node node2: SET w1_k32=data_326 (index 261)
2025-12-06 12:50:53,413 - enhanced_raft_node - INFO - [CLIENT REQUEST] Node node2: set w5_k20 (index 262)
2025-12-06 12:50:53,413 - enhanced_raft_node - INFO - [APPLY] Node node2: SET w5_k20=data_42 (index 262)
2025-12-06 12:50:53,416 - enhanced_raft_node - INFO - [CLIENT REQUEST] Node node2: set w9_k17 (index 263)
2025-12-06 12:50:53,416 - enhanced_raft_node - INFO - [APPLY] Node node2: SET w9_k17=data_211 (index 263)
2025-12-06 12:50:53,419 - enhanced_raft_node - INFO - [CLIENT REQUEST] Node node2: set w4_k32 (index 264)
2025-12-06 12:50:53,419 - enhanced_raft_node - INFO - [APPLY] Node node2: SET w4_k32=data_715 (index 264)
2025-12-06 12:50:53,423 - enhanced_raft_node - INFO - [CLIENT REQUEST] Node node2: set w6_k23 (index 265)
2025-12-06 12:50:53,423 - enhanced_raft_node - INFO - [APPLY] Node node2: SET w6_k23=data_772 (index 265)
2025-12-06 12:50:53,425 - enhanced_raft_node - INFO - [CLIENT REQUEST] Node node2: set w8_k30 (index 266)
2025-12-06 12:50:53,426 - enhanced_raft_node - INFO - [APPLY] Node node2: SET w8_k30=data_926 (index 266)
2025-12-06 12:50:53,429 - enhanced_raft_node - INFO - [CLIENT REQUEST] Node node2: set w3_k27 (index 267)
2025-12-06 12:50:53,429 - enhanced_raft_node - INFO - [APPLY] Node node2: SET w3_k27=data_829 (index 267)
2025-12-06 12:50:53,432 - enhanced_raft_node - INFO - [CLIENT REQUEST] Node node2: set w0_k32 (index 268)
2025-12-06 12:50:53,432 - enhanced_raft_node - INFO - [APPLY] Node node2: SET w0_k32=data_265 (index 268)
2025-12-06 12:50:53,435 - enhanced_raft_node - INFO - [CLIENT REQUEST] Node node2: set w0_k33 (index 269)
2025-12-06 12:50:53,435 - enhanced_raft_node - INFO - [APPLY] Node node2: SET w0_k33=data_132 (index 269)
2025-12-06 12:50:53,438 - enhanced_raft_node - INFO - [CLIENT REQUEST] Node node2: set w7_k26 (index 270)
2025-12-06 12:50:53,438 - enhanced_raft_node - INFO - [APPLY] Node node2: SET w7_k26=data_335 (index 270)
2025-12-06 12:50:53,441 - enhanced_raft_node - INFO - [CLIENT REQUEST] Node node2: set w1_k33 (index 271)
2025-12-06 12:50:53,441 - enhanced_raft_node - INFO - [APPLY] Node node2: SET w1_k33=data_365 (index 271)
2025-12-06 12:50:53,444 - enhanced_raft_node - INFO - [CLIENT REQUEST] Node node2: set w1_k34 (index 272)
2025-12-06 12:50:53,444 - enhanced_raft_node - INFO - [APPLY] Node node2: SET w1_k34=data_292 (index 272)
2025-12-06 12:50:53,447 - enhanced_raft_node - INFO - [CLIENT REQUEST] Node node2: set w9_k18 (index 273)
2025-12-06 12:50:53,447 - enhanced_raft_node - INFO - [APPLY] Node node2: SET w9_k18=data_299 (index 273)
2025-12-06 12:50:53,450 - enhanced_raft_node - INFO - [CLIENT REQUEST] Node node2: set w4_k33 (index 274)
2025-12-06 12:50:53,451 - enhanced_raft_node - INFO - [APPLY] Node node2: SET w4_k33=data_888 (index 274)
2025-12-06 12:50:53,454 - enhanced_raft_node - INFO - [CLIENT REQUEST] Node node2: set w6_k24 (index 275)
2025-12-06 12:50:53,454 - enhanced_raft_node - INFO - [APPLY] Node node2: SET w6_k24=data_509 (index 275)
2025-12-06 12:50:53,457 - enhanced_raft_node - INFO - [CLIENT REQUEST] Node node2: set w8_k31 (index 276)
2025-12-06 12:50:53,457 - enhanced_raft_node - INFO - [APPLY] Node node2: SET w8_k31=data_387 (index 276)
2025-12-06 12:50:53,460 - enhanced_raft_node - INFO - [CLIENT REQUEST] Node node2: set w3_k28 (index 277)
2025-12-06 12:50:53,461 - enhanced_raft_node - INFO - [APPLY] Node node2: SET w3_k28=data_105 (index 277)
2025-12-06 12:50:53,464 - enhanced_raft_node - INFO - [CLIENT REQUEST] Node node2: set w3_k29 (index 278)
2025-12-06 12:50:53,464 - enhanced_raft_node - INFO - [APPLY] Node node2: SET w3_k29=data_911 (index 278)
2025-12-06 12:50:53,467 - enhanced_raft_node - INFO - [CLIENT REQUEST] Node node2: set w3_k30 (index 279)
2025-12-06 12:50:53,467 - enhanced_raft_node - INFO - [APPLY] Node node2: SET w3_k30=data_931 (index 279)
2025-12-06 12:50:53,472 - enhanced_raft_node - INFO - [CLIENT REQUEST] Node node2: set w7_k27 (index 280)
2025-12-06 12:50:53,472 - enhanced_raft_node - INFO - [APPLY] Node node2: SET w7_k27=data_687 (index 280)
2025-12-06 12:50:53,475 - enhanced_raft_node - INFO - [CLIENT REQUEST] Node node2: set w7_k28 (index 281)
2025-12-06 12:50:53,475 - enhanced_raft_node - INFO - [APPLY] Node node2: SET w7_k28=data_284 (index 281)
2025-12-06 12:50:53,479 - enhanced_raft_node - INFO - [CLIENT REQUEST] Node node2: set w1_k35 (index 282)
2025-12-06 12:50:53,479 - enhanced_raft_node - INFO - [APPLY] Node node2: SET w1_k35=data_198 (index 282)
2025-12-06 12:50:53,482 - enhanced_raft_node - INFO - [CLIENT REQUEST] Node node2: set w9_k19 (index 283)
2025-12-06 12:50:53,482 - enhanced_raft_node - INFO - [APPLY] Node node2: SET w9_k19=data_54 (index 283)
2025-12-06 12:50:53,485 - enhanced_raft_node - INFO - [CLIENT REQUEST] Node node2: set w9_k20 (index 284)
2025-12-06 12:50:53,485 - enhanced_raft_node - INFO - [APPLY] Node node2: SET w9_k20=data_535 (index 284)
2025-12-06 12:50:53,489 - enhanced_raft_node - INFO - [CLIENT REQUEST] Node node2: set w4_k34 (index 285)
2025-12-06 12:50:53,489 - enhanced_raft_node - INFO - [APPLY] Node node2: SET w4_k34=data_724 (index 285)
2025-12-06 12:50:53,492 - enhanced_raft_node - INFO - [CLIENT REQUEST] Node node2: set w6_k25 (index 286)
2025-12-06 12:50:53,492 - enhanced_raft_node - INFO - [APPLY] Node node2: SET w6_k25=data_112 (index 286)
2025-12-06 12:50:53,495 - enhanced_raft_node - INFO - [CLIENT REQUEST] Node node2: set w8_k32 (index 287)
2025-12-06 12:50:53,496 - enhanced_raft_node - INFO - [APPLY] Node node2: SET w8_k32=data_840 (index 287)
2025-12-06 12:50:53,499 - enhanced_raft_node - INFO - [CLIENT REQUEST] Node node2: set w8_k33 (index 288)
2025-12-06 12:50:53,499 - enhanced_raft_node - INFO - [APPLY] Node node2: SET w8_k33=data_878 (index 288)
2025-12-06 12:50:53,502 - enhanced_raft_node - INFO - [CLIENT REQUEST] Node node2: set w8_k34 (index 289)
2025-12-06 12:50:53,502 - enhanced_raft_node - INFO - [APPLY] Node node2: SET w8_k34=data_229 (index 289)
2025-12-06 12:50:53,506 - enhanced_raft_node - INFO - [CLIENT REQUEST] Node node2: set w3_k31 (index 290)
2025-12-06 12:50:53,506 - enhanced_raft_node - INFO - [APPLY] Node node2: SET w3_k31=data_3 (index 290)
2025-12-06 12:50:53,510 - enhanced_raft_node - INFO - [CLIENT REQUEST] Node node2: set w3_k32 (index 291)
2025-12-06 12:50:53,510 - enhanced_raft_node - INFO - [APPLY] Node node2: SET w3_k32=data_941 (index 291)
2025-12-06 12:50:53,514 - enhanced_raft_node - INFO - [CLIENT REQUEST] Node node2: set w7_k29 (index 292)
2025-12-06 12:50:53,514 - enhanced_raft_node - INFO - [APPLY] Node node2: SET w7_k29=data_343 (index 292)
2025-12-06 12:50:53,518 - enhanced_raft_node - INFO - [CLIENT REQUEST] Node node2: set w7_k30 (index 293)
2025-12-06 12:50:53,518 - enhanced_raft_node - INFO - [APPLY] Node node2: SET w7_k30=data_192 (index 293)
2025-12-06 12:50:53,521 - enhanced_raft_node - INFO - [CLIENT REQUEST] Node node2: set w7_k31 (index 294)
2025-12-06 12:50:53,522 - enhanced_raft_node - INFO - [APPLY] Node node2: SET w7_k31=data_304 (index 294)
2025-12-06 12:50:53,525 - enhanced_raft_node - INFO - [CLIENT REQUEST] Node node2: set w9_k21 (index 295)
2025-12-06 12:50:53,525 - enhanced_raft_node - INFO - [APPLY] Node node2: SET w9_k21=data_311 (index 295)
2025-12-06 12:50:53,529 - enhanced_raft_node - INFO - [CLIENT REQUEST] Node node2: set w4_k35 (index 296)
2025-12-06 12:50:53,529 - enhanced_raft_node - INFO - [APPLY] Node node2: SET w4_k35=data_813 (index 296)
2025-12-06 12:50:53,533 - enhanced_raft_node - INFO - [CLIENT REQUEST] Node node2: set w6_k26 (index 297)
2025-12-06 12:50:53,533 - enhanced_raft_node - INFO - [APPLY] Node node2: SET w6_k26=data_491 (index 297)
2025-12-06 12:50:53,536 - enhanced_raft_node - INFO - [CLIENT REQUEST] Node node2: set w2_k21 (index 298)
2025-12-06 12:50:53,537 - enhanced_raft_node - INFO - [APPLY] Node node2: SET w2_k21=data_195 (index 298)
2025-12-06 12:50:53,540 - enhanced_raft_node - INFO - [CLIENT REQUEST] Node node2: set w0_k34 (index 299)
2025-12-06 12:50:53,540 - enhanced_raft_node - INFO - [APPLY] Node node2: SET w0_k34=data_603 (index 299)
2025-12-06 12:50:53,544 - enhanced_raft_node - INFO - [CLIENT REQUEST] Node node2: set w8_k35 (index 300)
2025-12-06 12:50:53,544 - enhanced_raft_node - INFO - [APPLY] Node node2: SET w8_k35=data_589 (index 300)
2025-12-06 12:50:53,546 - enhanced_raft_node - INFO - Node node2 created snapshot: last_index=300, remaining_log=0
2025-12-06 12:50:53,548 - enhanced_raft_node - INFO - [CLIENT REQUEST] Node node2: set w8_k36 (index 301)
2025-12-06 12:50:53,548 - enhanced_raft_node - INFO - [APPLY] Node node2: SET w8_k36=data_302 (index 301)
2025-12-06 12:50:53,549 - enhanced_raft_node - INFO - [CLIENT REQUEST] Node node2: set w3_k33 (index 302)
2025-12-06 12:50:53,549 - enhanced_raft_node - INFO - [APPLY] Node node2: SET w3_k33=data_690 (index 302)
2025-12-06 12:50:53,551 - enhanced_raft_node - INFO - [CLIENT REQUEST] Node node2: set w1_k36 (index 303)
2025-12-06 12:50:53,551 - enhanced_raft_node - INFO - [APPLY] Node node2: SET w1_k36=data_571 (index 303)
2025-12-06 12:50:53,552 - enhanced_raft_node - INFO - [CLIENT REQUEST] Node node2: set w7_k32 (index 304)
2025-12-06 12:50:53,552 - enhanced_raft_node - INFO - [APPLY] Node node2: SET w7_k32=data_171 (index 304)
2025-12-06 12:50:53,553 - enhanced_raft_node - INFO - [CLIENT REQUEST] Node node2: set w9_k22 (index 305)
2025-12-06 12:50:53,553 - enhanced_raft_node - INFO - [APPLY] Node node2: SET w9_k22=data_474 (index 305)
2025-12-06 12:50:53,554 - enhanced_raft_node - INFO - [CLIENT REQUEST] Node node2: set w9_k23 (index 306)
2025-12-06 12:50:53,554 - enhanced_raft_node - INFO - [APPLY] Node node2: SET w9_k23=data_186 (index 306)
2025-12-06 12:50:53,556 - enhanced_raft_node - INFO - [CLIENT REQUEST] Node node2: set w9_k24 (index 307)
2025-12-06 12:50:53,556 - enhanced_raft_node - INFO - [APPLY] Node node2: SET w9_k24=data_164 (index 307)
2025-12-06 12:50:53,557 - enhanced_raft_node - INFO - [CLIENT REQUEST] Node node2: set w9_k25 (index 308)
2025-12-06 12:50:53,557 - enhanced_raft_node - INFO - [APPLY] Node node2: SET w9_k25=data_885 (index 308)
2025-12-06 12:50:53,558 - enhanced_raft_node - INFO - [CLIENT REQUEST] Node node2: set w0_k35 (index 309)
2025-12-06 12:50:53,559 - enhanced_raft_node - INFO - [APPLY] Node node2: SET w0_k35=data_985 (index 309)
2025-12-06 12:50:53,560 - enhanced_raft_node - INFO - [CLIENT REQUEST] Node node2: set w5_k21 (index 310)
2025-12-06 12:50:53,560 - enhanced_raft_node - INFO - [APPLY] Node node2: SET w5_k21=data_401 (index 310)
2025-12-06 12:50:53,561 - enhanced_raft_node - INFO - [CLIENT REQUEST] Node node2: set w8_k37 (index 311)
2025-12-06 12:50:53,561 - enhanced_raft_node - INFO - [APPLY] Node node2: SET w8_k37=data_133 (index 311)
2025-12-06 12:50:53,563 - enhanced_raft_node - INFO - [CLIENT REQUEST] Node node2: set w3_k34 (index 312)
2025-12-06 12:50:53,563 - enhanced_raft_node - INFO - [APPLY] Node node2: SET w3_k34=data_857 (index 312)
2025-12-06 12:50:53,564 - enhanced_raft_node - INFO - [CLIENT REQUEST] Node node2: set w1_k37 (index 313)
2025-12-06 12:50:53,565 - enhanced_raft_node - INFO - [APPLY] Node node2: SET w1_k37=data_237 (index 313)
2025-12-06 12:50:53,566 - enhanced_raft_node - INFO - [CLIENT REQUEST] Node node2: set w7_k33 (index 314)
2025-12-06 12:50:53,566 - enhanced_raft_node - INFO - [APPLY] Node node2: SET w7_k33=data_26 (index 314)
2025-12-06 12:50:53,568 - enhanced_raft_node - INFO - [CLIENT REQUEST] Node node2: set w4_k36 (index 315)
2025-12-06 12:50:53,568 - enhanced_raft_node - INFO - [APPLY] Node node2: SET w4_k36=data_274 (index 315)
2025-12-06 12:50:53,569 - enhanced_raft_node - INFO - [CLIENT REQUEST] Node node2: set w6_k27 (index 316)
2025-12-06 12:50:53,569 - enhanced_raft_node - INFO - [APPLY] Node node2: SET w6_k27=data_225 (index 316)
2025-12-06 12:50:53,571 - enhanced_raft_node - INFO - [CLIENT REQUEST] Node node2: set w2_k22 (index 317)
2025-12-06 12:50:53,571 - enhanced_raft_node - INFO - [APPLY] Node node2: SET w2_k22=data_508 (index 317)
2025-12-06 12:50:53,573 - enhanced_raft_node - INFO - [CLIENT REQUEST] Node node2: set w9_k26 (index 318)
2025-12-06 12:50:53,573 - enhanced_raft_node - INFO - [APPLY] Node node2: SET w9_k26=data_906 (index 318)
2025-12-06 12:50:53,574 - enhanced_raft_node - INFO - [CLIENT REQUEST] Node node2: set w0_k36 (index 319)
2025-12-06 12:50:53,575 - enhanced_raft_node - INFO - [APPLY] Node node2: SET w0_k36=data_460 (index 319)
2025-12-06 12:50:53,576 - enhanced_raft_node - INFO - [CLIENT REQUEST] Node node2: set w5_k22 (index 320)
2025-12-06 12:50:53,576 - enhanced_raft_node - INFO - [APPLY] Node node2: SET w5_k22=data_973 (index 320)
2025-12-06 12:50:53,579 - enhanced_raft_node - INFO - [CLIENT REQUEST] Node node2: set w5_k23 (index 321)
2025-12-06 12:50:53,579 - enhanced_raft_node - INFO - [APPLY] Node node2: SET w5_k23=data_628 (index 321)
2025-12-06 12:50:53,581 - enhanced_raft_node - INFO - [CLIENT REQUEST] Node node2: set w3_k35 (index 322)
2025-12-06 12:50:53,581 - enhanced_raft_node - INFO - [APPLY] Node node2: SET w3_k35=data_597 (index 322)
2025-12-06 12:50:53,583 - enhanced_raft_node - INFO - [CLIENT REQUEST] Node node2: set w1_k38 (index 323)
2025-12-06 12:50:53,583 - enhanced_raft_node - INFO - [APPLY] Node node2: SET w1_k38=data_356 (index 323)
2025-12-06 12:50:53,584 - enhanced_raft_node - INFO - [CLIENT REQUEST] Node node2: set w7_k34 (index 324)
2025-12-06 12:50:53,584 - enhanced_raft_node - INFO - [APPLY] Node node2: SET w7_k34=data_599 (index 324)
2025-12-06 12:50:53,586 - enhanced_raft_node - INFO - [CLIENT REQUEST] Node node2: set w4_k37 (index 325)
2025-12-06 12:50:53,586 - enhanced_raft_node - INFO - [APPLY] Node node2: SET w4_k37=data_43 (index 325)
2025-12-06 12:50:53,588 - enhanced_raft_node - INFO - [CLIENT REQUEST] Node node2: set w6_k28 (index 326)
2025-12-06 12:50:53,588 - enhanced_raft_node - INFO - [APPLY] Node node2: SET w6_k28=data_325 (index 326)
2025-12-06 12:50:53,590 - enhanced_raft_node - INFO - [CLIENT REQUEST] Node node2: set w6_k29 (index 327)
2025-12-06 12:50:53,590 - enhanced_raft_node - INFO - [APPLY] Node node2: SET w6_k29=data_776 (index 327)
2025-12-06 12:50:53,592 - enhanced_raft_node - INFO - [CLIENT REQUEST] Node node2: set w6_k30 (index 328)
2025-12-06 12:50:53,592 - enhanced_raft_node - INFO - [APPLY] Node node2: SET w6_k30=data_515 (index 328)
2025-12-06 12:50:53,594 - enhanced_raft_node - INFO - [CLIENT REQUEST] Node node2: set w0_k37 (index 329)
2025-12-06 12:50:53,595 - enhanced_raft_node - INFO - [APPLY] Node node2: SET w0_k37=data_312 (index 329)
2025-12-06 12:50:53,596 - enhanced_raft_node - INFO - [CLIENT REQUEST] Node node2: set w8_k38 (index 330)
2025-12-06 12:50:53,596 - enhanced_raft_node - INFO - [APPLY] Node node2: SET w8_k38=data_480 (index 330)
2025-12-06 12:50:53,598 - enhanced_raft_node - INFO - [CLIENT REQUEST] Node node2: set w5_k24 (index 331)
2025-12-06 12:50:53,598 - enhanced_raft_node - INFO - [APPLY] Node node2: SET w5_k24=data_392 (index 331)
2025-12-06 12:50:53,600 - enhanced_raft_node - INFO - [CLIENT REQUEST] Node node2: set w5_k25 (index 332)
2025-12-06 12:50:53,600 - enhanced_raft_node - INFO - [APPLY] Node node2: SET w5_k25=data_180 (index 332)
2025-12-06 12:50:53,602 - enhanced_raft_node - INFO - [CLIENT REQUEST] Node node2: set w1_k39 (index 333)
2025-12-06 12:50:53,602 - enhanced_raft_node - INFO - [APPLY] Node node2: SET w1_k39=data_174 (index 333)
2025-12-06 12:50:53,604 - enhanced_raft_node - INFO - [CLIENT REQUEST] Node node2: set w7_k35 (index 334)
2025-12-06 12:50:53,604 - enhanced_raft_node - INFO - [APPLY] Node node2: SET w7_k35=data_559 (index 334)
2025-12-06 12:50:53,606 - enhanced_raft_node - INFO - [CLIENT REQUEST] Node node2: set w4_k38 (index 335)
2025-12-06 12:50:53,606 - enhanced_raft_node - INFO - [APPLY] Node node2: SET w4_k38=data_594 (index 335)
2025-12-06 12:50:53,608 - enhanced_raft_node - INFO - [CLIENT REQUEST] Node node2: set w4_k39 (index 336)
2025-12-06 12:50:53,608 - enhanced_raft_node - INFO - [APPLY] Node node2: SET w4_k39=data_547 (index 336)
2025-12-06 12:50:53,610 - enhanced_raft_node - INFO - [CLIENT REQUEST] Node node2: set w9_k27 (index 337)
2025-12-06 12:50:53,611 - enhanced_raft_node - INFO - [APPLY] Node node2: SET w9_k27=data_830 (index 337)
2025-12-06 12:50:53,613 - enhanced_raft_node - INFO - [CLIENT REQUEST] Node node2: set w6_k31 (index 338)
2025-12-06 12:50:53,613 - enhanced_raft_node - INFO - [APPLY] Node node2: SET w6_k31=data_79 (index 338)
2025-12-06 12:50:53,615 - enhanced_raft_node - INFO - [CLIENT REQUEST] Node node2: set w0_k38 (index 339)
2025-12-06 12:50:53,615 - enhanced_raft_node - INFO - [APPLY] Node node2: SET w0_k38=data_719 (index 339)
2025-12-06 12:50:53,617 - enhanced_raft_node - INFO - [CLIENT REQUEST] Node node2: set w8_k39 (index 340)
2025-12-06 12:50:53,617 - enhanced_raft_node - INFO - [APPLY] Node node2: SET w8_k39=data_557 (index 340)
2025-12-06 12:50:53,619 - enhanced_raft_node - INFO - [CLIENT REQUEST] Node node2: set w3_k36 (index 341)
2025-12-06 12:50:53,619 - enhanced_raft_node - INFO - [APPLY] Node node2: SET w3_k36=data_671 (index 341)
2025-12-06 12:50:53,621 - enhanced_raft_node - INFO - [CLIENT REQUEST] Node node2: set w5_k26 (index 342)
2025-12-06 12:50:53,621 - enhanced_raft_node - INFO - [APPLY] Node node2: SET w5_k26=data_729 (index 342)
2025-12-06 12:50:53,624 - enhanced_raft_node - INFO - [CLIENT REQUEST] Node node2: set w1_k40 (index 343)
2025-12-06 12:50:53,624 - enhanced_raft_node - INFO - [APPLY] Node node2: SET w1_k40=data_636 (index 343)
2025-12-06 12:50:53,626 - enhanced_raft_node - INFO - [CLIENT REQUEST] Node node2: set w7_k36 (index 344)
2025-12-06 12:50:53,627 - enhanced_raft_node - INFO - [APPLY] Node node2: SET w7_k36=data_107 (index 344)
2025-12-06 12:50:53,629 - enhanced_raft_node - INFO - [CLIENT REQUEST] Node node2: set w2_k23 (index 345)
2025-12-06 12:50:53,629 - enhanced_raft_node - INFO - [APPLY] Node node2: SET w2_k23=data_675 (index 345)
2025-12-06 12:50:53,632 - enhanced_raft_node - INFO - [CLIENT REQUEST] Node node2: set w4_k40 (index 346)
2025-12-06 12:50:53,632 - enhanced_raft_node - INFO - [APPLY] Node node2: SET w4_k40=data_935 (index 346)
2025-12-06 12:50:53,634 - enhanced_raft_node - INFO - [CLIENT REQUEST] Node node2: set w9_k28 (index 347)
2025-12-06 12:50:53,635 - enhanced_raft_node - INFO - [APPLY] Node node2: SET w9_k28=data_805 (index 347)
2025-12-06 12:50:53,637 - enhanced_raft_node - INFO - [CLIENT REQUEST] Node node2: set w6_k32 (index 348)
2025-12-06 12:50:53,637 - enhanced_raft_node - INFO - [APPLY] Node node2: SET w6_k32=data_15 (index 348)
2025-12-06 12:50:53,639 - enhanced_raft_node - INFO - [CLIENT REQUEST] Node node2: set w0_k39 (index 349)
2025-12-06 12:50:53,640 - enhanced_raft_node - INFO - [APPLY] Node node2: SET w0_k39=data_985 (index 349)
2025-12-06 12:50:53,642 - enhanced_raft_node - INFO - [CLIENT REQUEST] Node node2: set w8_k40 (index 350)
2025-12-06 12:50:53,642 - enhanced_raft_node - INFO - [APPLY] Node node2: SET w8_k40=data_601 (index 350)
2025-12-06 12:50:53,646 - enhanced_raft_node - INFO - [CLIENT REQUEST] Node node2: set w3_k37 (index 351)
2025-12-06 12:50:53,646 - enhanced_raft_node - INFO - [APPLY] Node node2: SET w3_k37=data_247 (index 351)
2025-12-06 12:50:53,649 - enhanced_raft_node - INFO - [CLIENT REQUEST] Node node2: set w3_k38 (index 352)
2025-12-06 12:50:53,649 - enhanced_raft_node - INFO - [APPLY] Node node2: SET w3_k38=data_156 (index 352)
2025-12-06 12:50:53,651 - enhanced_raft_node - INFO - [CLIENT REQUEST] Node node2: set w1_k41 (index 353)
2025-12-06 12:50:53,651 - enhanced_raft_node - INFO - [APPLY] Node node2: SET w1_k41=data_898 (index 353)
2025-12-06 12:50:53,654 - enhanced_raft_node - INFO - [CLIENT REQUEST] Node node2: set w7_k37 (index 354)
2025-12-06 12:50:53,654 - enhanced_raft_node - INFO - [APPLY] Node node2: SET w7_k37=data_360 (index 354)
2025-12-06 12:50:53,658 - enhanced_raft_node - INFO - [CLIENT REQUEST] Node node2: set w2_k24 (index 355)
2025-12-06 12:50:53,658 - enhanced_raft_node - INFO - [APPLY] Node node2: SET w2_k24=data_716 (index 355)
2025-12-06 12:50:53,661 - enhanced_raft_node - INFO - [CLIENT REQUEST] Node node2: set w4_k41 (index 356)
2025-12-06 12:50:53,661 - enhanced_raft_node - INFO - [APPLY] Node node2: SET w4_k41=data_923 (index 356)
2025-12-06 12:50:53,664 - enhanced_raft_node - INFO - [CLIENT REQUEST] Node node2: set w9_k29 (index 357)
2025-12-06 12:50:53,664 - enhanced_raft_node - INFO - [APPLY] Node node2: SET w9_k29=data_830 (index 357)
2025-12-06 12:50:53,666 - enhanced_raft_node - INFO - [CLIENT REQUEST] Node node2: set w6_k33 (index 358)
2025-12-06 12:50:53,667 - enhanced_raft_node - INFO - [APPLY] Node node2: SET w6_k33=data_631 (index 358)
2025-12-06 12:50:53,669 - enhanced_raft_node - INFO - [CLIENT REQUEST] Node node2: set w0_k40 (index 359)
2025-12-06 12:50:53,670 - enhanced_raft_node - INFO - [APPLY] Node node2: SET w0_k40=data_990 (index 359)
2025-12-06 12:50:53,672 - enhanced_raft_node - INFO - [CLIENT REQUEST] Node node2: set w8_k41 (index 360)
2025-12-06 12:50:53,672 - enhanced_raft_node - INFO - [APPLY] Node node2: SET w8_k41=data_323 (index 360)
2025-12-06 12:50:53,675 - enhanced_raft_node - INFO - [CLIENT REQUEST] Node node2: set w5_k27 (index 361)
2025-12-06 12:50:53,675 - enhanced_raft_node - INFO - [APPLY] Node node2: SET w5_k27=data_72 (index 361)
2025-12-06 12:50:53,678 - enhanced_raft_node - INFO - [CLIENT REQUEST] Node node2: set w3_k39 (index 362)
2025-12-06 12:50:53,678 - enhanced_raft_node - INFO - [APPLY] Node node2: SET w3_k39=data_836 (index 362)
2025-12-06 12:50:53,681 - enhanced_raft_node - INFO - [CLIENT REQUEST] Node node2: set w1_k42 (index 363)
2025-12-06 12:50:53,681 - enhanced_raft_node - INFO - [APPLY] Node node2: SET w1_k42=data_135 (index 363)
2025-12-06 12:50:53,684 - enhanced_raft_node - INFO - [CLIENT REQUEST] Node node2: set w7_k38 (index 364)
2025-12-06 12:50:53,684 - enhanced_raft_node - INFO - [APPLY] Node node2: SET w7_k38=data_439 (index 364)
2025-12-06 12:50:53,687 - enhanced_raft_node - INFO - [CLIENT REQUEST] Node node2: set w2_k25 (index 365)
2025-12-06 12:50:53,688 - enhanced_raft_node - INFO - [APPLY] Node node2: SET w2_k25=data_555 (index 365)
2025-12-06 12:50:53,691 - enhanced_raft_node - INFO - [CLIENT REQUEST] Node node2: set w4_k42 (index 366)
2025-12-06 12:50:53,691 - enhanced_raft_node - INFO - [APPLY] Node node2: SET w4_k42=data_805 (index 366)
2025-12-06 12:50:53,694 - enhanced_raft_node - INFO - [CLIENT REQUEST] Node node2: set w9_k30 (index 367)
2025-12-06 12:50:53,694 - enhanced_raft_node - INFO - [APPLY] Node node2: SET w9_k30=data_297 (index 367)
2025-12-06 12:50:53,697 - enhanced_raft_node - INFO - [CLIENT REQUEST] Node node2: set w6_k34 (index 368)
2025-12-06 12:50:53,697 - enhanced_raft_node - INFO - [APPLY] Node node2: SET w6_k34=data_599 (index 368)
2025-12-06 12:50:53,700 - enhanced_raft_node - INFO - [CLIENT REQUEST] Node node2: set w0_k41 (index 369)
2025-12-06 12:50:53,700 - enhanced_raft_node - INFO - [APPLY] Node node2: SET w0_k41=data_303 (index 369)
2025-12-06 12:50:53,703 - enhanced_raft_node - INFO - [CLIENT REQUEST] Node node2: set w8_k42 (index 370)
2025-12-06 12:50:53,703 - enhanced_raft_node - INFO - [APPLY] Node node2: SET w8_k42=data_808 (index 370)
2025-12-06 12:50:53,706 - enhanced_raft_node - INFO - [CLIENT REQUEST] Node node2: set w5_k28 (index 371)
2025-12-06 12:50:53,706 - enhanced_raft_node - INFO - [APPLY] Node node2: SET w5_k28=data_330 (index 371)
2025-12-06 12:50:53,709 - enhanced_raft_node - INFO - [CLIENT REQUEST] Node node2: set w3_k40 (index 372)
2025-12-06 12:50:53,709 - enhanced_raft_node - INFO - [APPLY] Node node2: SET w3_k40=data_999 (index 372)
2025-12-06 12:50:53,713 - enhanced_raft_node - INFO - [CLIENT REQUEST] Node node2: set w1_k43 (index 373)
2025-12-06 12:50:53,713 - enhanced_raft_node - INFO - [APPLY] Node node2: SET w1_k43=data_257 (index 373)
2025-12-06 12:50:53,716 - enhanced_raft_node - INFO - [CLIENT REQUEST] Node node2: set w1_k44 (index 374)
2025-12-06 12:50:53,716 - enhanced_raft_node - INFO - [APPLY] Node node2: SET w1_k44=data_144 (index 374)
2025-12-06 12:50:53,719 - enhanced_raft_node - INFO - [CLIENT REQUEST] Node node2: set w1_k45 (index 375)
2025-12-06 12:50:53,719 - enhanced_raft_node - INFO - [APPLY] Node node2: SET w1_k45=data_317 (index 375)
2025-12-06 12:50:53,722 - enhanced_raft_node - INFO - [CLIENT REQUEST] Node node2: set w2_k26 (index 376)
2025-12-06 12:50:53,723 - enhanced_raft_node - INFO - [APPLY] Node node2: SET w2_k26=data_761 (index 376)
2025-12-06 12:50:53,726 - enhanced_raft_node - INFO - [CLIENT REQUEST] Node node2: set w4_k43 (index 377)
2025-12-06 12:50:53,726 - enhanced_raft_node - INFO - [APPLY] Node node2: SET w4_k43=data_701 (index 377)
2025-12-06 12:50:53,729 - enhanced_raft_node - INFO - [CLIENT REQUEST] Node node2: set w4_k44 (index 378)
2025-12-06 12:50:53,729 - enhanced_raft_node - INFO - [APPLY] Node node2: SET w4_k44=data_760 (index 378)
2025-12-06 12:50:53,732 - enhanced_raft_node - INFO - [CLIENT REQUEST] Node node2: set w4_k45 (index 379)
2025-12-06 12:50:53,732 - enhanced_raft_node - INFO - [APPLY] Node node2: SET w4_k45=data_822 (index 379)
2025-12-06 12:50:53,735 - enhanced_raft_node - INFO - [CLIENT REQUEST] Node node2: set w0_k42 (index 380)
2025-12-06 12:50:53,735 - enhanced_raft_node - INFO - [APPLY] Node node2: SET w0_k42=data_134 (index 380)
2025-12-06 12:50:53,739 - enhanced_raft_node - INFO - [CLIENT REQUEST] Node node2: set w8_k43 (index 381)
2025-12-06 12:50:53,739 - enhanced_raft_node - INFO - [APPLY] Node node2: SET w8_k43=data_959 (index 381)
2025-12-06 12:50:53,742 - enhanced_raft_node - INFO - [CLIENT REQUEST] Node node2: set w8_k44 (index 382)
2025-12-06 12:50:53,742 - enhanced_raft_node - INFO - [APPLY] Node node2: SET w8_k44=data_918 (index 382)
2025-12-06 12:50:53,745 - enhanced_raft_node - INFO - [CLIENT REQUEST] Node node2: set w3_k41 (index 383)
2025-12-06 12:50:53,746 - enhanced_raft_node - INFO - [APPLY] Node node2: SET w3_k41=data_7 (index 383)
2025-12-06 12:50:53,749 - enhanced_raft_node - INFO - [CLIENT REQUEST] Node node2: set w3_k42 (index 384)
2025-12-06 12:50:53,749 - enhanced_raft_node - INFO - [APPLY] Node node2: SET w3_k42=data_668 (index 384)
2025-12-06 12:50:53,753 - enhanced_raft_node - INFO - [CLIENT REQUEST] Node node2: set w1_k46 (index 385)
2025-12-06 12:50:53,754 - enhanced_raft_node - INFO - [APPLY] Node node2: SET w1_k46=data_938 (index 385)
2025-12-06 12:50:53,758 - enhanced_raft_node - INFO - [CLIENT REQUEST] Node node2: set w2_k27 (index 386)
2025-12-06 12:50:53,758 - enhanced_raft_node - INFO - [APPLY] Node node2: SET w2_k27=data_771 (index 386)
2025-12-06 12:50:53,762 - enhanced_raft_node - INFO - [CLIENT REQUEST] Node node2: set w9_k31 (index 387)
2025-12-06 12:50:53,762 - enhanced_raft_node - INFO - [APPLY] Node node2: SET w9_k31=data_435 (index 387)
2025-12-06 12:50:53,767 - enhanced_raft_node - INFO - [CLIENT REQUEST] Node node2: set w6_k35 (index 388)
2025-12-06 12:50:53,767 - enhanced_raft_node - INFO - [APPLY] Node node2: SET w6_k35=data_32 (index 388)
2025-12-06 12:50:53,772 - enhanced_raft_node - INFO - [CLIENT REQUEST] Node node2: set w4_k46 (index 389)
2025-12-06 12:50:53,773 - enhanced_raft_node - INFO - [APPLY] Node node2: SET w4_k46=data_842 (index 389)
2025-12-06 12:50:53,778 - enhanced_raft_node - INFO - [CLIENT REQUEST] Node node2: set w0_k43 (index 390)
2025-12-06 12:50:53,778 - enhanced_raft_node - INFO - [APPLY] Node node2: SET w0_k43=data_889 (index 390)
2025-12-06 12:50:53,782 - enhanced_raft_node - INFO - [CLIENT REQUEST] Node node2: set w5_k29 (index 391)
2025-12-06 12:50:53,782 - enhanced_raft_node - INFO - [APPLY] Node node2: SET w5_k29=data_240 (index 391)
2025-12-06 12:50:53,786 - enhanced_raft_node - INFO - [CLIENT REQUEST] Node node2: set w8_k45 (index 392)
2025-12-06 12:50:53,786 - enhanced_raft_node - INFO - [APPLY] Node node2: SET w8_k45=data_693 (index 392)
2025-12-06 12:50:53,790 - enhanced_raft_node - INFO - [CLIENT REQUEST] Node node2: set w7_k39 (index 393)
2025-12-06 12:50:53,790 - enhanced_raft_node - INFO - [APPLY] Node node2: SET w7_k39=data_669 (index 393)
2025-12-06 12:50:53,794 - enhanced_raft_node - INFO - [CLIENT REQUEST] Node node2: set w3_k43 (index 394)
2025-12-06 12:50:53,794 - enhanced_raft_node - INFO - [APPLY] Node node2: SET w3_k43=data_50 (index 394)
2025-12-06 12:50:53,801 - enhanced_raft_node - INFO - [CLIENT REQUEST] Node node2: set w1_k47 (index 395)
2025-12-06 12:50:53,801 - enhanced_raft_node - INFO - [APPLY] Node node2: SET w1_k47=data_228 (index 395)
2025-12-06 12:50:53,806 - enhanced_raft_node - INFO - [CLIENT REQUEST] Node node2: set w2_k28 (index 396)
2025-12-06 12:50:53,806 - enhanced_raft_node - INFO - [APPLY] Node node2: SET w2_k28=data_588 (index 396)
2025-12-06 12:50:53,810 - enhanced_raft_node - INFO - [CLIENT REQUEST] Node node2: set w9_k32 (index 397)
2025-12-06 12:50:53,810 - enhanced_raft_node - INFO - [APPLY] Node node2: SET w9_k32=data_662 (index 397)
2025-12-06 12:50:53,815 - enhanced_raft_node - INFO - [CLIENT REQUEST] Node node2: set w6_k36 (index 398)
2025-12-06 12:50:53,815 - enhanced_raft_node - INFO - [APPLY] Node node2: SET w6_k36=data_355 (index 398)
2025-12-06 12:50:53,821 - enhanced_raft_node - INFO - [CLIENT REQUEST] Node node2: set w4_k47 (index 399)
2025-12-06 12:50:53,821 - enhanced_raft_node - INFO - [APPLY] Node node2: SET w4_k47=data_293 (index 399)
2025-12-06 12:50:53,826 - enhanced_raft_node - INFO - [CLIENT REQUEST] Node node2: set w0_k44 (index 400)
2025-12-06 12:50:53,826 - enhanced_raft_node - INFO - [APPLY] Node node2: SET w0_k44=data_694 (index 400)
2025-12-06 12:50:53,828 - enhanced_raft_node - INFO - Node node2 created snapshot: last_index=400, remaining_log=0
2025-12-06 12:50:53,831 - enhanced_raft_node - INFO - [CLIENT REQUEST] Node node2: set w5_k30 (index 401)
2025-12-06 12:50:53,832 - enhanced_raft_node - INFO - [APPLY] Node node2: SET w5_k30=data_590 (index 401)
2025-12-06 12:50:53,833 - enhanced_raft_node - INFO - [CLIENT REQUEST] Node node2: set w8_k46 (index 402)
2025-12-06 12:50:53,833 - enhanced_raft_node - INFO - [APPLY] Node node2: SET w8_k46=data_48 (index 402)
2025-12-06 12:50:53,834 - enhanced_raft_node - INFO - [CLIENT REQUEST] Node node2: set w7_k40 (index 403)
2025-12-06 12:50:53,834 - enhanced_raft_node - INFO - [APPLY] Node node2: SET w7_k40=data_584 (index 403)
2025-12-06 12:50:53,836 - enhanced_raft_node - INFO - [CLIENT REQUEST] Node node2: set w3_k44 (index 404)
2025-12-06 12:50:53,836 - enhanced_raft_node - INFO - [APPLY] Node node2: SET w3_k44=data_127 (index 404)
2025-12-06 12:50:53,837 - enhanced_raft_node - INFO - [CLIENT REQUEST] Node node2: set w1_k48 (index 405)
2025-12-06 12:50:53,837 - enhanced_raft_node - INFO - [APPLY] Node node2: SET w1_k48=data_338 (index 405)
2025-12-06 12:50:53,839 - enhanced_raft_node - INFO - [CLIENT REQUEST] Node node2: set w2_k29 (index 406)
2025-12-06 12:50:53,839 - enhanced_raft_node - INFO - [APPLY] Node node2: SET w2_k29=data_719 (index 406)
2025-12-06 12:50:53,840 - enhanced_raft_node - INFO - [CLIENT REQUEST] Node node2: set w9_k33 (index 407)
2025-12-06 12:50:53,840 - enhanced_raft_node - INFO - [APPLY] Node node2: SET w9_k33=data_656 (index 407)
2025-12-06 12:50:53,841 - enhanced_raft_node - INFO - [CLIENT REQUEST] Node node2: set w9_k34 (index 408)
2025-12-06 12:50:53,842 - enhanced_raft_node - INFO - [APPLY] Node node2: SET w9_k34=data_794 (index 408)
2025-12-06 12:50:53,843 - enhanced_raft_node - INFO - [CLIENT REQUEST] Node node2: set w6_k37 (index 409)
2025-12-06 12:50:53,843 - enhanced_raft_node - INFO - [APPLY] Node node2: SET w6_k37=data_85 (index 409)
2025-12-06 12:50:53,845 - enhanced_raft_node - INFO - [CLIENT REQUEST] Node node2: set w4_k48 (index 410)
2025-12-06 12:50:53,846 - enhanced_raft_node - INFO - [APPLY] Node node2: SET w4_k48=data_176 (index 410)
2025-12-06 12:50:53,847 - enhanced_raft_node - INFO - [CLIENT REQUEST] Node node2: set w0_k45 (index 411)
2025-12-06 12:50:53,847 - enhanced_raft_node - INFO - [APPLY] Node node2: SET w0_k45=data_305 (index 411)
2025-12-06 12:50:53,849 - enhanced_raft_node - INFO - [CLIENT REQUEST] Node node2: set w0_k46 (index 412)
2025-12-06 12:50:53,849 - enhanced_raft_node - INFO - [APPLY] Node node2: SET w0_k46=data_610 (index 412)
2025-12-06 12:50:53,850 - enhanced_raft_node - INFO - [CLIENT REQUEST] Node node2: set w8_k47 (index 413)
2025-12-06 12:50:53,850 - enhanced_raft_node - INFO - [APPLY] Node node2: SET w8_k47=data_721 (index 413)
2025-12-06 12:50:53,852 - enhanced_raft_node - INFO - [CLIENT REQUEST] Node node2: set w7_k41 (index 414)
2025-12-06 12:50:53,852 - enhanced_raft_node - INFO - [APPLY] Node node2: SET w7_k41=data_580 (index 414)
2025-12-06 12:50:53,853 - enhanced_raft_node - INFO - [CLIENT REQUEST] Node node2: set w3_k45 (index 415)
2025-12-06 12:50:53,854 - enhanced_raft_node - INFO - [APPLY] Node node2: SET w3_k45=data_131 (index 415)
2025-12-06 12:50:53,855 - enhanced_raft_node - INFO - [CLIENT REQUEST] Node node2: set w1_k49 (index 416)
2025-12-06 12:50:53,855 - enhanced_raft_node - INFO - [APPLY] Node node2: SET w1_k49=data_576 (index 416)
2025-12-06 12:50:53,857 - enhanced_raft_node - INFO - [CLIENT REQUEST] Node node2: set w2_k30 (index 417)
2025-12-06 12:50:53,857 - enhanced_raft_node - INFO - [APPLY] Node node2: SET w2_k30=data_219 (index 417)
2025-12-06 12:50:53,859 - enhanced_raft_node - INFO - [CLIENT REQUEST] Node node2: set w9_k35 (index 418)
2025-12-06 12:50:53,859 - enhanced_raft_node - INFO - [APPLY] Node node2: SET w9_k35=data_616 (index 418)
2025-12-06 12:50:53,862 - enhanced_raft_node - INFO - [CLIENT REQUEST] Node node2: set w6_k38 (index 419)
2025-12-06 12:50:53,862 - enhanced_raft_node - INFO - [APPLY] Node node2: SET w6_k38=data_801 (index 419)
2025-12-06 12:50:53,863 - enhanced_raft_node - INFO - [CLIENT REQUEST] Node node2: set w4_k49 (index 420)
2025-12-06 12:50:53,864 - enhanced_raft_node - INFO - [APPLY] Node node2: SET w4_k49=data_599 (index 420)
2025-12-06 12:50:53,865 - enhanced_raft_node - INFO - [CLIENT REQUEST] Node node2: set w5_k31 (index 421)
2025-12-06 12:50:53,866 - enhanced_raft_node - INFO - [APPLY] Node node2: SET w5_k31=data_506 (index 421)
2025-12-06 12:50:53,867 - enhanced_raft_node - INFO - [CLIENT REQUEST] Node node2: set w0_k47 (index 422)
2025-12-06 12:50:53,868 - enhanced_raft_node - INFO - [APPLY] Node node2: SET w0_k47=data_875 (index 422)
2025-12-06 12:50:53,869 - enhanced_raft_node - INFO - [CLIENT REQUEST] Node node2: set w8_k48 (index 423)
2025-12-06 12:50:53,869 - enhanced_raft_node - INFO - [APPLY] Node node2: SET w8_k48=data_803 (index 423)
2025-12-06 12:50:53,871 - enhanced_raft_node - INFO - [CLIENT REQUEST] Node node2: set w7_k42 (index 424)
2025-12-06 12:50:53,871 - enhanced_raft_node - INFO - [APPLY] Node node2: SET w7_k42=data_782 (index 424)
2025-12-06 12:50:53,873 - enhanced_raft_node - INFO - [CLIENT REQUEST] Node node2: set w3_k46 (index 425)
2025-12-06 12:50:53,873 - enhanced_raft_node - INFO - [APPLY] Node node2: SET w3_k46=data_835 (index 425)
2025-12-06 12:50:53,875 - enhanced_raft_node - INFO - [CLIENT REQUEST] Node node2: set w2_k31 (index 426)
2025-12-06 12:50:53,875 - enhanced_raft_node - INFO - [APPLY] Node node2: SET w2_k31=data_768 (index 426)
2025-12-06 12:50:53,877 - enhanced_raft_node - INFO - [CLIENT REQUEST] Node node2: set w9_k36 (index 427)
2025-12-06 12:50:53,877 - enhanced_raft_node - INFO - [APPLY] Node node2: SET w9_k36=data_768 (index 427)
2025-12-06 12:50:53,879 - enhanced_raft_node - INFO - [CLIENT REQUEST] Node node2: set w6_k39 (index 428)
2025-12-06 12:50:53,880 - enhanced_raft_node - INFO - [APPLY] Node node2: SET w6_k39=data_576 (index 428)
2025-12-06 12:50:53,882 - enhanced_raft_node - INFO - [CLIENT REQUEST] Node node2: set w6_k40 (index 429)
2025-12-06 12:50:53,882 - enhanced_raft_node - INFO - [APPLY] Node node2: SET w6_k40=data_99 (index 429)
2025-12-06 12:50:53,884 - enhanced_raft_node - INFO - [CLIENT REQUEST] Node node2: set w0_k48 (index 430)
2025-12-06 12:50:53,884 - enhanced_raft_node - INFO - [APPLY] Node node2: SET w0_k48=data_479 (index 430)
2025-12-06 12:50:53,886 - enhanced_raft_node - INFO - [CLIENT REQUEST] Node node2: set w8_k49 (index 431)
2025-12-06 12:50:53,886 - enhanced_raft_node - INFO - [APPLY] Node node2: SET w8_k49=data_454 (index 431)
2025-12-06 12:50:53,888 - enhanced_raft_node - INFO - [CLIENT REQUEST] Node node2: set w7_k43 (index 432)
2025-12-06 12:50:53,888 - enhanced_raft_node - INFO - [APPLY] Node node2: SET w7_k43=data_739 (index 432)
2025-12-06 12:50:53,890 - enhanced_raft_node - INFO - [CLIENT REQUEST] Node node2: set w3_k47 (index 433)
2025-12-06 12:50:53,890 - enhanced_raft_node - INFO - [APPLY] Node node2: SET w3_k47=data_793 (index 433)
2025-12-06 12:50:53,893 - enhanced_raft_node - INFO - [CLIENT REQUEST] Node node2: set w2_k32 (index 434)
2025-12-06 12:50:53,894 - enhanced_raft_node - INFO - [APPLY] Node node2: SET w2_k32=data_597 (index 434)
2025-12-06 12:50:53,896 - enhanced_raft_node - INFO - [CLIENT REQUEST] Node node2: set w9_k37 (index 435)
2025-12-06 12:50:53,897 - enhanced_raft_node - INFO - [APPLY] Node node2: SET w9_k37=data_901 (index 435)
2025-12-06 12:50:53,899 - enhanced_raft_node - INFO - [CLIENT REQUEST] Node node2: set w5_k32 (index 436)
2025-12-06 12:50:53,900 - enhanced_raft_node - INFO - [APPLY] Node node2: SET w5_k32=data_25 (index 436)
2025-12-06 12:50:53,902 - enhanced_raft_node - INFO - [CLIENT REQUEST] Node node2: set w6_k41 (index 437)
2025-12-06 12:50:53,903 - enhanced_raft_node - INFO - [APPLY] Node node2: SET w6_k41=data_112 (index 437)
2025-12-06 12:50:53,906 - enhanced_raft_node - INFO - [CLIENT REQUEST] Node node2: set w0_k49 (index 438)
2025-12-06 12:50:53,906 - enhanced_raft_node - INFO - [APPLY] Node node2: SET w0_k49=data_482 (index 438)
2025-12-06 12:50:53,909 - enhanced_raft_node - INFO - [CLIENT REQUEST] Node node2: set w7_k44 (index 439)
2025-12-06 12:50:53,910 - enhanced_raft_node - INFO - [APPLY] Node node2: SET w7_k44=data_414 (index 439)
2025-12-06 12:50:53,912 - enhanced_raft_node - INFO - [CLIENT REQUEST] Node node2: set w3_k48 (index 440)
2025-12-06 12:50:53,913 - enhanced_raft_node - INFO - [APPLY] Node node2: SET w3_k48=data_367 (index 440)
2025-12-06 12:50:53,915 - enhanced_raft_node - INFO - [CLIENT REQUEST] Node node2: set w2_k33 (index 441)
2025-12-06 12:50:53,915 - enhanced_raft_node - INFO - [APPLY] Node node2: SET w2_k33=data_936 (index 441)
2025-12-06 12:50:53,918 - enhanced_raft_node - INFO - [CLIENT REQUEST] Node node2: set w9_k38 (index 442)
2025-12-06 12:50:53,919 - enhanced_raft_node - INFO - [APPLY] Node node2: SET w9_k38=data_815 (index 442)
2025-12-06 12:50:53,921 - enhanced_raft_node - INFO - [CLIENT REQUEST] Node node2: set w5_k33 (index 443)
2025-12-06 12:50:53,921 - enhanced_raft_node - INFO - [APPLY] Node node2: SET w5_k33=data_702 (index 443)
2025-12-06 12:50:53,925 - enhanced_raft_node - INFO - [CLIENT REQUEST] Node node2: set w6_k42 (index 444)
2025-12-06 12:50:53,926 - enhanced_raft_node - INFO - [APPLY] Node node2: SET w6_k42=data_193 (index 444)
2025-12-06 12:50:53,929 - enhanced_raft_node - INFO - [CLIENT REQUEST] Node node2: set w7_k45 (index 445)
2025-12-06 12:50:53,929 - enhanced_raft_node - INFO - [APPLY] Node node2: SET w7_k45=data_82 (index 445)
2025-12-06 12:50:53,932 - enhanced_raft_node - INFO - [CLIENT REQUEST] Node node2: set w3_k49 (index 446)
2025-12-06 12:50:53,932 - enhanced_raft_node - INFO - [APPLY] Node node2: SET w3_k49=data_659 (index 446)
2025-12-06 12:50:53,935 - enhanced_raft_node - INFO - [CLIENT REQUEST] Node node2: set w2_k34 (index 447)
2025-12-06 12:50:53,935 - enhanced_raft_node - INFO - [APPLY] Node node2: SET w2_k34=data_186 (index 447)
2025-12-06 12:50:53,938 - enhanced_raft_node - INFO - [CLIENT REQUEST] Node node2: set w9_k39 (index 448)
2025-12-06 12:50:53,938 - enhanced_raft_node - INFO - [APPLY] Node node2: SET w9_k39=data_142 (index 448)
2025-12-06 12:50:53,941 - enhanced_raft_node - INFO - [CLIENT REQUEST] Node node2: set w5_k34 (index 449)
2025-12-06 12:50:53,941 - enhanced_raft_node - INFO - [APPLY] Node node2: SET w5_k34=data_508 (index 449)
2025-12-06 12:50:53,944 - enhanced_raft_node - INFO - [CLIENT REQUEST] Node node2: set w6_k43 (index 450)
2025-12-06 12:50:53,944 - enhanced_raft_node - INFO - [APPLY] Node node2: SET w6_k43=data_956 (index 450)
2025-12-06 12:50:53,947 - enhanced_raft_node - INFO - [CLIENT REQUEST] Node node2: set w7_k46 (index 451)
2025-12-06 12:50:53,947 - enhanced_raft_node - INFO - [APPLY] Node node2: SET w7_k46=data_910 (index 451)
2025-12-06 12:50:53,950 - enhanced_raft_node - INFO - [CLIENT REQUEST] Node node2: set w2_k35 (index 452)
2025-12-06 12:50:53,950 - enhanced_raft_node - INFO - [APPLY] Node node2: SET w2_k35=data_296 (index 452)
2025-12-06 12:50:53,954 - enhanced_raft_node - INFO - [CLIENT REQUEST] Node node2: set w9_k40 (index 453)
2025-12-06 12:50:53,954 - enhanced_raft_node - INFO - [APPLY] Node node2: SET w9_k40=data_927 (index 453)
2025-12-06 12:50:53,958 - enhanced_raft_node - INFO - [CLIENT REQUEST] Node node2: set w5_k35 (index 454)
2025-12-06 12:50:53,959 - enhanced_raft_node - INFO - [APPLY] Node node2: SET w5_k35=data_753 (index 454)
2025-12-06 12:50:53,963 - enhanced_raft_node - INFO - [CLIENT REQUEST] Node node2: set w6_k44 (index 455)
2025-12-06 12:50:53,963 - enhanced_raft_node - INFO - [APPLY] Node node2: SET w6_k44=data_737 (index 455)
2025-12-06 12:50:53,968 - enhanced_raft_node - INFO - [CLIENT REQUEST] Node node2: set w7_k47 (index 456)
2025-12-06 12:50:53,968 - enhanced_raft_node - INFO - [APPLY] Node node2: SET w7_k47=data_581 (index 456)
2025-12-06 12:50:53,972 - enhanced_raft_node - INFO - [CLIENT REQUEST] Node node2: set w2_k36 (index 457)
2025-12-06 12:50:53,972 - enhanced_raft_node - INFO - [APPLY] Node node2: SET w2_k36=data_155 (index 457)
2025-12-06 12:50:53,976 - enhanced_raft_node - INFO - [CLIENT REQUEST] Node node2: set w9_k41 (index 458)
2025-12-06 12:50:53,976 - enhanced_raft_node - INFO - [APPLY] Node node2: SET w9_k41=data_864 (index 458)
2025-12-06 12:50:53,980 - enhanced_raft_node - INFO - [CLIENT REQUEST] Node node2: set w9_k42 (index 459)
2025-12-06 12:50:53,980 - enhanced_raft_node - INFO - [APPLY] Node node2: SET w9_k42=data_44 (index 459)
2025-12-06 12:50:53,983 - enhanced_raft_node - INFO - [CLIENT REQUEST] Node node2: set w6_k45 (index 460)
2025-12-06 12:50:53,984 - enhanced_raft_node - INFO - [APPLY] Node node2: SET w6_k45=data_969 (index 460)
2025-12-06 12:50:53,989 - enhanced_raft_node - INFO - [CLIENT REQUEST] Node node2: set w7_k48 (index 461)
2025-12-06 12:50:53,989 - enhanced_raft_node - INFO - [APPLY] Node node2: SET w7_k48=data_428 (index 461)
2025-12-06 12:50:53,993 - enhanced_raft_node - INFO - [CLIENT REQUEST] Node node2: set w2_k37 (index 462)
2025-12-06 12:50:53,994 - enhanced_raft_node - INFO - [APPLY] Node node2: SET w2_k37=data_886 (index 462)
2025-12-06 12:50:53,998 - enhanced_raft_node - INFO - [CLIENT REQUEST] Node node2: set w5_k36 (index 463)
2025-12-06 12:50:53,998 - enhanced_raft_node - INFO - [APPLY] Node node2: SET w5_k36=data_173 (index 463)
2025-12-06 12:50:54,003 - enhanced_raft_node - INFO - [CLIENT REQUEST] Node node2: set w9_k43 (index 464)
2025-12-06 12:50:54,003 - enhanced_raft_node - INFO - [APPLY] Node node2: SET w9_k43=data_983 (index 464)
2025-12-06 12:50:54,007 - enhanced_raft_node - INFO - [CLIENT REQUEST] Node node2: set w9_k44 (index 465)
2025-12-06 12:50:54,008 - enhanced_raft_node - INFO - [APPLY] Node node2: SET w9_k44=data_5 (index 465)
2025-12-06 12:50:54,013 - enhanced_raft_node - INFO - [CLIENT REQUEST] Node node2: set w7_k49 (index 466)
2025-12-06 12:50:54,013 - enhanced_raft_node - INFO - [APPLY] Node node2: SET w7_k49=data_832 (index 466)
2025-12-06 12:50:54,017 - enhanced_raft_node - INFO - [CLIENT REQUEST] Node node2: set w2_k38 (index 467)
2025-12-06 12:50:54,018 - enhanced_raft_node - INFO - [APPLY] Node node2: SET w2_k38=data_123 (index 467)
2025-12-06 12:50:54,022 - enhanced_raft_node - INFO - [CLIENT REQUEST] Node node2: set w5_k37 (index 468)
2025-12-06 12:50:54,022 - enhanced_raft_node - INFO - [APPLY] Node node2: SET w5_k37=data_890 (index 468)
2025-12-06 12:50:54,025 - enhanced_raft_node - INFO - [CLIENT REQUEST] Node node2: set w6_k46 (index 469)
2025-12-06 12:50:54,025 - enhanced_raft_node - INFO - [APPLY] Node node2: SET w6_k46=data_184 (index 469)
2025-12-06 12:50:54,028 - enhanced_raft_node - INFO - [CLIENT REQUEST] Node node2: set w9_k45 (index 470)
2025-12-06 12:50:54,029 - enhanced_raft_node - INFO - [APPLY] Node node2: SET w9_k45=data_812 (index 470)
2025-12-06 12:50:54,031 - enhanced_raft_node - INFO - [CLIENT REQUEST] Node node2: set w2_k39 (index 471)
2025-12-06 12:50:54,032 - enhanced_raft_node - INFO - [APPLY] Node node2: SET w2_k39=data_489 (index 471)
2025-12-06 12:50:54,035 - enhanced_raft_node - INFO - [CLIENT REQUEST] Node node2: set w5_k38 (index 472)
2025-12-06 12:50:54,036 - enhanced_raft_node - INFO - [APPLY] Node node2: SET w5_k38=data_582 (index 472)
2025-12-06 12:50:54,039 - enhanced_raft_node - INFO - [CLIENT REQUEST] Node node2: set w6_k47 (index 473)
2025-12-06 12:50:54,039 - enhanced_raft_node - INFO - [APPLY] Node node2: SET w6_k47=data_610 (index 473)
2025-12-06 12:50:54,042 - enhanced_raft_node - INFO - [CLIENT REQUEST] Node node2: set w9_k46 (index 474)
2025-12-06 12:50:54,043 - enhanced_raft_node - INFO - [APPLY] Node node2: SET w9_k46=data_526 (index 474)
2025-12-06 12:50:54,046 - enhanced_raft_node - INFO - [CLIENT REQUEST] Node node2: set w2_k40 (index 475)
2025-12-06 12:50:54,046 - enhanced_raft_node - INFO - [APPLY] Node node2: SET w2_k40=data_224 (index 475)
2025-12-06 12:50:54,049 - enhanced_raft_node - INFO - [CLIENT REQUEST] Node node2: set w5_k39 (index 476)
2025-12-06 12:50:54,050 - enhanced_raft_node - INFO - [APPLY] Node node2: SET w5_k39=data_408 (index 476)
2025-12-06 12:50:54,053 - enhanced_raft_node - INFO - [CLIENT REQUEST] Node node2: set w6_k48 (index 477)
2025-12-06 12:50:54,053 - enhanced_raft_node - INFO - [APPLY] Node node2: SET w6_k48=data_155 (index 477)
2025-12-06 12:50:54,056 - enhanced_raft_node - INFO - [CLIENT REQUEST] Node node2: set w9_k47 (index 478)
2025-12-06 12:50:54,057 - enhanced_raft_node - INFO - [APPLY] Node node2: SET w9_k47=data_388 (index 478)
2025-12-06 12:50:54,060 - enhanced_raft_node - INFO - [CLIENT REQUEST] Node node2: set w2_k41 (index 479)
2025-12-06 12:50:54,060 - enhanced_raft_node - INFO - [APPLY] Node node2: SET w2_k41=data_255 (index 479)
2025-12-06 12:50:54,063 - enhanced_raft_node - INFO - [CLIENT REQUEST] Node node2: set w5_k40 (index 480)
2025-12-06 12:50:54,063 - enhanced_raft_node - INFO - [APPLY] Node node2: SET w5_k40=data_139 (index 480)
2025-12-06 12:50:54,068 - enhanced_raft_node - INFO - [CLIENT REQUEST] Node node2: set w6_k49 (index 481)
2025-12-06 12:50:54,068 - enhanced_raft_node - INFO - [APPLY] Node node2: SET w6_k49=data_289 (index 481)
2025-12-06 12:50:54,072 - enhanced_raft_node - INFO - [CLIENT REQUEST] Node node2: set w9_k48 (index 482)
2025-12-06 12:50:54,072 - enhanced_raft_node - INFO - [APPLY] Node node2: SET w9_k48=data_418 (index 482)
2025-12-06 12:50:54,076 - enhanced_raft_node - INFO - [CLIENT REQUEST] Node node2: set w2_k42 (index 483)
2025-12-06 12:50:54,076 - enhanced_raft_node - INFO - [APPLY] Node node2: SET w2_k42=data_134 (index 483)
2025-12-06 12:50:54,080 - enhanced_raft_node - INFO - [CLIENT REQUEST] Node node2: set w5_k41 (index 484)
2025-12-06 12:50:54,080 - enhanced_raft_node - INFO - [APPLY] Node node2: SET w5_k41=data_992 (index 484)
2025-12-06 12:50:54,085 - enhanced_raft_node - INFO - [CLIENT REQUEST] Node node2: set w9_k49 (index 485)
2025-12-06 12:50:54,085 - enhanced_raft_node - INFO - [APPLY] Node node2: SET w9_k49=data_226 (index 485)
2025-12-06 12:50:54,088 - enhanced_raft_node - INFO - [CLIENT REQUEST] Node node2: set w2_k43 (index 486)
2025-12-06 12:50:54,088 - enhanced_raft_node - INFO - [APPLY] Node node2: SET w2_k43=data_396 (index 486)
2025-12-06 12:50:54,092 - enhanced_raft_node - INFO - [CLIENT REQUEST] Node node2: set w5_k42 (index 487)
2025-12-06 12:50:54,092 - enhanced_raft_node - INFO - [APPLY] Node node2: SET w5_k42=data_71 (index 487)
2025-12-06 12:50:54,096 - enhanced_raft_node - INFO - [CLIENT REQUEST] Node node2: set w2_k44 (index 488)
2025-12-06 12:50:54,096 - enhanced_raft_node - INFO - [APPLY] Node node2: SET w2_k44=data_282 (index 488)
2025-12-06 12:50:54,100 - enhanced_raft_node - INFO - [CLIENT REQUEST] Node node2: set w5_k43 (index 489)
2025-12-06 12:50:54,100 - enhanced_raft_node - INFO - [APPLY] Node node2: SET w5_k43=data_983 (index 489)
2025-12-06 12:50:54,104 - enhanced_raft_node - INFO - [CLIENT REQUEST] Node node2: set w2_k45 (index 490)
2025-12-06 12:50:54,104 - enhanced_raft_node - INFO - [APPLY] Node node2: SET w2_k45=data_807 (index 490)
2025-12-06 12:50:54,109 - enhanced_raft_node - INFO - [CLIENT REQUEST] Node node2: set w5_k44 (index 491)
2025-12-06 12:50:54,109 - enhanced_raft_node - INFO - [APPLY] Node node2: SET w5_k44=data_208 (index 491)
2025-12-06 12:50:54,113 - enhanced_raft_node - INFO - [CLIENT REQUEST] Node node2: set w2_k46 (index 492)
2025-12-06 12:50:54,113 - enhanced_raft_node - INFO - [APPLY] Node node2: SET w2_k46=data_711 (index 492)
2025-12-06 12:50:54,117 - enhanced_raft_node - INFO - [CLIENT REQUEST] Node node2: set w5_k45 (index 493)
2025-12-06 12:50:54,117 - enhanced_raft_node - INFO - [APPLY] Node node2: SET w5_k45=data_23 (index 493)
2025-12-06 12:50:54,121 - enhanced_raft_node - INFO - [CLIENT REQUEST] Node node2: set w2_k47 (index 494)
2025-12-06 12:50:54,121 - enhanced_raft_node - INFO - [APPLY] Node node2: SET w2_k47=data_525 (index 494)
2025-12-06 12:50:54,125 - enhanced_raft_node - INFO - [CLIENT REQUEST] Node node2: set w5_k46 (index 495)
2025-12-06 12:50:54,125 - enhanced_raft_node - INFO - [APPLY] Node node2: SET w5_k46=data_258 (index 495)
2025-12-06 12:50:54,130 - enhanced_raft_node - INFO - [CLIENT REQUEST] Node node2: set w2_k48 (index 496)
2025-12-06 12:50:54,130 - enhanced_raft_node - INFO - [APPLY] Node node2: SET w2_k48=data_208 (index 496)
2025-12-06 12:50:54,134 - enhanced_raft_node - INFO - [CLIENT REQUEST] Node node2: set w5_k47 (index 497)
2025-12-06 12:50:54,134 - enhanced_raft_node - INFO - [APPLY] Node node2: SET w5_k47=data_661 (index 497)
2025-12-06 12:50:54,138 - enhanced_raft_node - INFO - [CLIENT REQUEST] Node node2: set w2_k49 (index 498)
2025-12-06 12:50:54,139 - enhanced_raft_node - INFO - [APPLY] Node node2: SET w2_k49=data_786 (index 498)
2025-12-06 12:50:54,143 - enhanced_raft_node - INFO - [CLIENT REQUEST] Node node2: set w5_k48 (index 499)
2025-12-06 12:50:54,143 - enhanced_raft_node - INFO - [APPLY] Node node2: SET w5_k48=data_738 (index 499)
2025-12-06 12:50:54,147 - enhanced_raft_node - INFO - [CLIENT REQUEST] Node node2: set w5_k49 (index 500)
2025-12-06 12:50:54,147 - enhanced_raft_node - INFO - [APPLY] Node node2: SET w5_k49=data_459 (index 500)
2025-12-06 12:50:54,150 - enhanced_raft_node - INFO - Node node2 created snapshot: last_index=500, remaining_log=0
2025-12-06 12:50:54,152 - enhanced_distributed_node - INFO - Stopping node node1
2025-12-06 12:50:54,153 - enhanced_distributed_node - INFO - Node node1 stopped
2025-12-06 12:50:54,153 - enhanced_distributed_node - INFO - Stopping node node2
2025-12-06 12:50:54,153 - enhanced_distributed_node - INFO - Node node2 stopped
2025-12-06 12:50:54,154 - enhanced_distributed_node - INFO - Stopping node node3
2025-12-06 12:50:54,154 - enhanced_distributed_node - INFO - Node node3 stopped
